protein,normalized_ratio_protein_level_Gly_plus0_Pro,normalized_ratio_protein_level_Gly_plus1_Pro,normalized_ratio_protein_level_Gly_plus2_Pro,total_intensity_every_channel_protein_level,total_intensity_all_channels_protein_level
P42900,1.02,1.26,0.73,"[20326.0, 25131.8, 14502.4]",59960.200000000004
P53860,0.67,1.14,1.19,"[9601.3, 16271.9, 16979.9]",42853.1
P38088,0.96,1.03,1.01,"[95229.1, 101768.4, 99779.8]",296777.3
P00560,0.92,1.02,1.06,"[801120.1, 891685.7, 924578.6]",2617384.4
P14126,0.9,1.04,1.06,"[186108.0, 216055.5, 218309.3]",620472.8
Q08096,0.88,1.02,1.1,"[13603.5, 15660.2, 16869.8]",46133.5
"P0CX35, P0CX36",0.82,1.06,1.12,"[54252.3, 69943.3, 74304.8]",198500.40000000002
P25338,1.03,0.86,1.11,"[7351.7, 6113.7, 7899.9]",21365.3
P29453,0.95,1.04,1.0,"[114622.6, 125238.1, 120444.2]",360304.9
P25353,1.1,1.03,0.87,"[31742.8, 29561.0, 24920.1]",86223.9
P53107,0.9,1.02,1.08,"[109349.2, 124265.8, 131420.5]",365035.5
P38708,0.92,1.1,0.98,"[91152.5, 109830.5, 97368.2]",298351.2
P48836,0.97,1.06,0.97,"[129231.3, 140822.8, 128827.0]",398881.1
P06780,1.08,1.0,0.92,"[25008.7, 23221.7, 21390.6]",69621.0
P00549,0.94,1.05,1.01,"[360918.5, 405727.4, 387250.3]",1153896.2
"P05737, Q12213",0.92,0.92,1.15,"[223864.3, 223691.2, 278774.0]",726329.5
Q03213,0.78,1.03,1.19,"[6206.6, 8237.1, 9489.8]",23933.5
P07262,0.79,0.91,1.3,"[23644.8, 27015.3, 38832.2]",89492.29999999999
P32563,1.15,0.78,1.07,"[3329.0, 2270.7, 3088.7]",8688.4
Q08750,1.07,0.98,0.95,"[13821.7, 12729.1, 12233.0]",38783.8
Q12424,1.82,0.65,0.53,"[175067.9, 62934.6, 50947.4]",288949.9
P15019,0.92,0.98,1.1,"[216011.9, 229469.7, 257232.8]",702714.3999999999
P07884,0.85,1.02,1.13,"[11025.2, 13271.5, 14739.6]",39036.3
P51979,0.88,1.01,1.12,"[21835.7, 25090.9, 27830.2]",74756.8
"P10591, P10592",0.98,1.0,1.01,"[433159.7, 442092.4, 447301.1]",1322553.2000000002
"P23248, P33442",0.87,1.17,0.95,"[13999.4, 18866.6, 15343.3]",48209.3
"P0CX82, P0CX83",0.93,1.01,1.06,"[222982.8, 244125.9, 254607.0]",721715.7
Q02326,1.01,0.89,1.11,"[54575.7, 48067.4, 59893.8]",162536.90000000002
Q03262,1.44,1.11,0.45,"[11964.5, 9267.3, 3718.6]",24950.399999999998
P53235,0.93,1.11,0.97,"[3000.7, 3572.5, 3119.2]",9692.4
Q08962,0.84,0.99,1.18,"[9105.1, 10760.0, 12820.0]",32685.1
P53961,0.92,1.05,1.03,"[26962.3, 30978.1, 30172.5]",88112.9
P49723,1.09,0.95,0.96,"[179392.4, 156451.6, 156879.4]",492723.4
P16521,1.26,0.96,0.77,"[750376.8, 571766.3, 458683.8]",1780826.9000000001
P33334,0.37,1.38,1.26,"[5412.2, 20353.3, 18535.0]",44300.5
"P05744, P41056",0.94,0.99,1.07,"[400397.0, 420545.7, 454359.8]",1275302.5
Q07478,1.04,0.97,0.98,"[80196.0, 74610.4, 75605.0]",230411.4
P26784,1.03,0.95,1.01,"[173265.8, 159816.0, 169439.6]",502521.4
P13663,1.01,1.19,0.8,"[14993.2, 17612.5, 11871.6]",44477.3
P22803,0.99,1.02,0.99,"[442493.8, 456306.4, 439991.8]",1338792.0
P17709,0.91,1.02,1.06,"[59158.7, 66179.1, 68895.3]",194233.1
P32324,0.92,1.0,1.08,"[948380.4, 1022698.4, 1106587.3]",3077666.1
Q06164,0.93,1.01,1.06,"[34506.5, 37473.7, 39221.0]",111201.2
P07251,1.23,0.69,1.08,"[25133.3, 14022.8, 22097.7]",61253.8
"P02407, P14127",0.99,1.02,0.99,"[948690.3, 974740.2, 949843.0]",2873273.5
P20606,0.87,1.09,1.04,"[53917.9, 67205.4, 64469.2]",185592.5
P04807,0.88,1.09,1.03,"[121055.4, 149215.7, 141385.2]",411656.3
P00942,1.03,1.0,0.97,"[90501.9, 88281.1, 85563.7]",264346.7
Q12469,0.87,1.19,0.94,"[2420.7, 3316.2, 2599.0]",8335.9
"P0CX84, P0CX85",0.93,1.13,0.94,"[456222.2, 551188.4, 457920.9]",1465331.5
Q06604,1.1,0.82,1.08,"[14400.2, 10661.0, 14148.0]",39209.2
P17076,0.96,0.97,1.07,"[66687.0, 67623.1, 74810.1]",209120.2
P25558,0.79,1.44,0.76,"[10304.0, 18813.8, 9961.6]",39079.4
Q00955,0.96,1.05,0.99,"[8015.5, 8721.6, 8282.0]",25019.1
P05739,1.3,0.78,0.92,"[67151.2, 40500.6, 47424.9]",155076.69999999998
P00950,0.86,1.07,1.07,"[911140.7, 1129407.7, 1138795.5]",3179343.9
P09232,1.27,0.94,0.8,"[8934.8, 6620.0, 5618.2]",21173.0
P05750,0.99,0.94,1.07,"[84423.7, 79979.1, 90708.4]",255111.19999999998
P38818,1.13,1.0,0.87,"[2870.2, 2528.3, 2211.9]",7610.4
P14540,0.91,1.04,1.05,"[148714.5, 169341.6, 171028.3]",489084.39999999997
Q05506,1.34,1.01,0.65,"[10472.9, 7916.1, 5130.9]",23519.9
P06169,0.93,1.05,1.03,"[321105.1, 362040.2, 356068.1]",1039213.4
P36775,0.93,1.26,0.81,"[9338.0, 12565.6, 8061.3]",29964.899999999998
P37012,0.94,1.09,0.96,"[36826.8, 42768.8, 37723.4]",117319.0
"O13535, O74302, P0C2I2, P0C2I3, P0C2I4, P0C2I5, P0C2I6, P0C2I8, P0C2I9, P0C2J0, P0C2J1, P0CX57, P0CX58, P0CX59, P0CX60, P0CX65, P0CX66, P0CX67, P0CX68, P0CX69, P0CX70, P0CX71, P0CX72, P0CX73, P0CX74, P0CX75, P0CX76, P47098, P47099, P47100, Q03434, Q03612, Q03619, Q03855, Q03856, Q04670, Q04706, Q04711, Q07793, Q12085, Q12088, Q12112, Q12141, Q12193, Q12217, Q12269, Q12273, Q12316, Q12391, Q12414, Q12441, Q12470, Q12485, Q6Q5H1, Q92392, Q92393, Q99231, Q99337",0.9,1.03,1.07,"[79615.7, 91377.6, 94536.6]",265529.9
P06168,0.93,1.06,1.01,"[186171.3, 213000.1, 202872.2]",602043.6000000001
P38910,0.97,1.1,0.92,"[54462.3, 61532.9, 51599.1]",167594.30000000002
P36022,0.58,1.16,1.27,"[3772.2, 7549.2, 8258.0]",19579.4
P40495,1.05,0.88,1.07,"[33039.2, 27564.5, 33502.9]",94106.6
P38989,1.14,1.13,0.73,"[29990.2, 29762.4, 19228.7]",78981.3
"P0CX51, P0CX52",1.02,0.96,1.02,"[494740.4, 467504.9, 496830.0]",1459075.3
P00360,0.98,0.99,1.03,"[330366.9, 334231.5, 346687.1]",1011285.5
"P0CX23, P0CX24",0.75,1.13,1.12,"[7519.3, 11346.7, 11286.6]",30152.6
P09624,1.1,1.05,0.85,"[16346.4, 15561.4, 12515.8]",44423.6
P22943,0.8,0.98,1.22,"[71485.9, 88023.9, 108792.5]",268302.3
P48415,0.76,0.81,1.44,"[5295.5, 5635.0, 10041.1]",20971.6
"P46784, Q08745",0.96,0.94,1.1,"[75979.9, 74913.8, 87710.1]",238603.80000000002
"P00924, P00925",0.95,1.02,1.03,"[526824.9, 564349.7, 571529.9]",1662704.5
P61830,0.87,1.09,1.04,"[196823.1, 247928.8, 235186.3]",679938.2
P32786,0.59,1.29,1.12,"[5563.8, 12042.3, 10472.3]",28078.399999999998
P17555,1.14,0.81,1.05,"[56994.6, 40579.1, 52877.7]",150451.4
P41920,0.91,0.95,1.14,"[88727.0, 92478.6, 110708.9]",291914.5
P05319,1.02,1.04,0.94,"[176375.5, 180293.0, 161935.8]",518604.3
P60010,1.0,0.99,1.01,"[223296.8, 221952.7, 225592.3]",670841.8
P49090,0.95,0.98,1.06,"[50451.5, 51830.9, 56209.1]",158491.5
Q01476,0.51,1.61,0.88,"[2151.7, 6839.7, 3757.0]",12748.4
P43591,1.02,1.03,0.95,"[34739.3, 35228.5, 32564.6]",102532.4
"P05030, P19657",0.93,0.99,1.08,"[111783.2, 119487.9, 129158.5]",360429.6
"P02829, P15108",0.91,1.09,1.0,"[247172.3, 297832.2, 273746.9]",818751.4
"P10664, P49626",0.98,1.0,1.02,"[297923.9, 304571.5, 311988.8]",914484.2
P48164,0.97,1.03,1.0,"[141200.6, 148818.3, 145045.4]",435064.30000000005
P43637,1.15,0.99,0.86,"[34497.6, 29855.2, 25851.1]",90203.9
P53847,0.94,1.22,0.84,"[18129.1, 23553.4, 16147.5]",57830.0
Q08873,0.91,1.1,0.99,"[15209.7, 18433.6, 16654.7]",50298.0
"P02293, P02294",1.03,0.9,1.07,"[139655.7, 121186.0, 144914.9]",405756.6
P39676,0.9,1.21,0.88,"[15734.3, 21122.1, 15357.9]",52214.299999999996
Q12734,0.22,1.71,1.07,"[3963.6, 30874.5, 19374.4]",54212.5
Q07896,1.24,1.32,0.44,"[12996.4, 13891.1, 4672.2]",31559.7
P36421,0.95,1.12,0.93,"[17207.6, 20444.3, 16875.2]",54527.09999999999
P47143,0.7,0.75,1.56,"[5091.5, 5451.6, 11365.3]",21908.4
P41940,0.86,0.87,1.28,"[55882.0, 56726.7, 83410.6]",196019.3
P07149,0.8,0.97,1.23,"[33277.4, 40432.1, 51213.0]",124922.5
P39015,0.93,1.05,1.01,"[165711.6, 187285.3, 179658.0]",532654.9
P00925,0.75,1.15,1.1,"[184139.0, 282636.0, 270998.6]",737773.6
P07259,0.95,0.97,1.08,"[18341.4, 18847.6, 21002.6]",58191.6
P19882,0.97,1.0,1.03,"[431756.0, 448362.0, 458289.1]",1338407.1
P27636,0.96,0.94,1.09,"[52666.7, 51602.9, 59921.0]",164190.6
Q05022,1.18,1.04,0.77,"[18659.0, 16410.0, 12204.2]",47273.2
P32471,0.92,1.06,1.03,"[147240.2, 169458.7, 164774.3]",481473.2
P12709,0.96,1.02,1.02,"[485149.5, 517020.6, 518573.7]",1520743.8
P38972,0.91,1.04,1.04,"[59651.8, 68348.1, 68259.1]",196259.0
P40157,0.83,0.85,1.32,"[6773.4, 6937.4, 10819.3]",24530.1
"P0CX43, P0CX44",0.94,1.08,0.98,"[84004.8, 95775.4, 87282.0]",267062.2
P38788,1.12,0.94,0.94,"[26912.0, 22499.5, 22445.3]",71856.8
P34760,0.87,1.1,1.03,"[162503.7, 203760.5, 191563.4]",557827.6
P04147,0.94,1.1,0.96,"[122929.6, 144185.9, 125544.9]",392660.4
"P0CX55, P0CX56",1.02,0.94,1.04,"[74704.8, 68647.3, 75836.5]",219188.6
P23254,0.86,0.94,1.2,"[40358.6, 44261.1, 56709.0]",141328.7
"P05743, P53221",0.97,1.02,1.02,"[543287.5, 572457.1, 570943.4]",1686688.0
Q04779,0.39,1.38,1.23,"[3497.3, 12272.6, 10996.8]",26766.7
P12385,0.64,1.2,1.17,"[12804.3, 23987.6, 23413.8]",60205.7
P07245,0.94,1.07,0.99,"[90011.4, 102837.5, 94829.0]",287677.9
"P11484, P40150",0.93,1.02,1.05,"[363453.2, 396040.9, 408174.1]",1167668.2000000002
Q12159,1.16,0.71,1.12,"[5236.2, 3214.7, 5051.8]",13502.7
"P38009, P54113",1.14,1.03,0.83,"[98349.6, 89159.2, 71919.9]",259428.69999999998
Q08964,0.91,1.15,0.94,"[17774.8, 22371.2, 18421.1]",58567.1
P17967,0.95,1.03,1.02,"[324905.8, 350675.4, 348589.6]",1024170.7999999999
Q3E841,0.93,1.03,1.04,"[57481.7, 63558.1, 64476.5]",185516.3
P37297,0.66,1.9,0.44,"[13972.4, 40321.4, 9353.7]",63647.5
"P17076, P29453",0.97,1.01,1.02,"[965519.6, 1013019.6, 1018329.0]",2996868.2
Q05043,1.13,0.94,0.93,"[35947.7, 29785.9, 29558.1]",95291.70000000001
P19659,1.03,1.2,0.77,"[52504.3, 61407.9, 39572.7]",153484.90000000002
P22146,0.89,1.03,1.09,"[59997.0, 69453.7, 73460.7]",202911.4
P37292,1.05,0.78,1.16,"[25631.5, 19041.7, 28220.0]",72893.2
P47163,1.02,1.08,0.89,"[3624.0, 3829.5, 3162.8]",10616.3
P38830,1.26,1.19,0.55,"[7540.7, 7105.2, 3320.0]",17965.9
P32874,1.47,0.62,0.92,"[6915.3, 2912.3, 4325.6]",14153.2
P46367,0.95,1.06,0.98,"[73195.5, 81541.5, 75579.7]",230316.7
P38249,0.73,1.08,1.19,"[14820.4, 21813.7, 24201.9]",60836.0
P0CS90,1.1,0.93,0.97,"[124897.7, 104695.3, 109703.0]",339296.0
"P04449, P24000",1.02,0.98,1.0,"[250283.4, 240942.6, 246688.5]",737914.5
P52917,0.77,0.82,1.41,"[1605.3, 1709.5, 2924.9]",6239.700000000001
P38682,1.09,1.1,0.82,"[7914.4, 7979.9, 5956.2]",21850.5
P40069,0.84,0.99,1.17,"[16867.1, 19997.0, 23584.5]",60448.6
P15180,1.2,0.97,0.83,"[20195.5, 16368.9, 14064.5]",50628.9
P00817,0.98,0.99,1.03,"[100594.8, 100985.6, 105964.6]",307545.0
P15108,1.05,0.93,1.02,"[67234.9, 59457.6, 65400.3]",192092.8
Q07395,0.87,1.05,1.08,"[10565.1, 12755.5, 13059.0]",36379.6
P07170,0.93,1.02,1.05,"[125011.7, 137837.5, 142125.7]",404974.9
"P0CX41, P0CX42",0.94,1.04,1.02,"[110563.2, 121984.0, 119546.4]",352093.6
Q08693,0.96,1.12,0.93,"[29375.5, 34299.3, 28475.3]",92150.1
P38144,0.99,1.04,0.97,"[25344.3, 26709.8, 24789.2]",76843.3
P19097,0.99,1.05,0.96,"[109665.5, 115630.8, 106231.1]",331527.4
P53184,0.98,0.95,1.07,"[129837.1, 125290.5, 142270.3]",397397.9
P38360,0.89,1.17,0.94,"[6302.6, 8238.4, 6671.0]",21212.0
P48015,0.95,1.0,1.05,"[78271.5, 82333.5, 87041.7]",247646.7
P14908,1.0,1.06,0.94,"[8932.7, 9475.3, 8380.8]",26788.8
P02309,0.82,1.23,0.95,"[5818.2, 8689.1, 6761.8]",21269.1
P05317,0.91,1.16,0.93,"[58844.5, 74963.2, 60064.4]",193872.1
P15705,1.09,0.94,0.97,"[125733.4, 107770.4, 111817.9]",345321.69999999995
P38717,1.16,0.95,0.89,"[12710.3, 10490.3, 9772.4]",32973.0
P32939,0.9,1.02,1.08,"[12500.2, 14181.6, 14956.3]",41638.100000000006
P37302,0.89,1.24,0.87,"[163501.5, 228424.1, 160527.4]",552453.0
"P0C0V8, Q3E754",0.89,1.02,1.09,"[83335.2, 95759.1, 101813.6]",280907.9
P15992,0.93,1.0,1.07,"[43069.8, 46589.2, 49977.0]",139636.0
P39954,0.96,0.97,1.07,"[275832.0, 277276.9, 305226.8]",858335.7
P15496,0.92,1.04,1.04,"[58965.6, 66337.0, 66291.3]",191593.90000000002
P32849,1.06,1.01,0.93,"[20034.1, 19097.2, 17510.4]",56641.700000000004
P34221,0.85,1.16,0.99,"[15609.8, 21231.9, 18037.8]",54879.5
P25443,1.14,1.55,0.32,"[6835.0, 9304.5, 1901.6]",18041.1
Q06148,0.78,1.1,1.13,"[1803.4, 2555.9, 2619.1]",6978.4
P39986,1.09,0.88,1.03,"[36990.4, 29787.4, 34662.9]",101440.70000000001
P36126,1.18,0.76,1.06,"[27036.8, 17286.6, 24287.5]",68610.9
P20459,1.29,0.76,0.94,"[21109.9, 12419.2, 15412.8]",48941.90000000001
P29547,0.98,1.03,0.98,"[28324.5, 29777.3, 28305.6]",86407.4
P36108,0.64,1.03,1.33,"[9196.5, 14784.8, 19220.6]",43201.899999999994
P15873,0.82,1.03,1.15,"[11614.2, 14549.1, 16350.4]",42513.700000000004
P35203,1.54,0.78,0.68,"[6370.3, 3238.2, 2795.0]",12403.5
Q12363,1.04,1.11,0.85,"[47491.9, 50985.8, 38804.8]",137282.5
P47037,1.27,1.07,0.66,"[12651.0, 10689.3, 6564.6]",29904.9
P09436,0.92,1.01,1.07,"[44776.4, 49437.7, 51960.7]",146174.8
P25491,0.88,1.28,0.84,"[31172.8, 45130.5, 29537.4]",105840.70000000001
"P0CX39, P0CX40",1.1,1.03,0.86,"[84270.4, 78894.0, 65873.6]",229038.0
P00815,1.03,1.06,0.9,"[164757.7, 169609.5, 143830.6]",478197.80000000005
P04039,1.11,1.31,0.57,"[8345.5, 9835.4, 4297.4]",22478.300000000003
P34077,1.16,1.23,0.61,"[20097.6, 21395.8, 10552.2]",52045.59999999999
Q03640,0.91,0.62,1.46,"[5582.1, 3816.4, 8923.6]",18322.1
P40046,0.17,1.2,1.62,"[3445.9, 24109.5, 32509.1]",60064.5
"P00358, P00359",0.89,1.15,0.96,"[103891.5, 133802.3, 112419.1]",350112.9
P53914,0.44,1.8,0.76,"[1947.1, 7962.3, 3384.8]",13294.2
P02406,0.97,1.04,0.99,"[184125.1, 197674.6, 188347.0]",570146.7
Q12230,0.93,1.03,1.04,"[121069.9, 134477.7, 135357.7]",390905.30000000005
"P0CX49, P0CX50",0.97,1.04,0.99,"[202208.1, 215255.1, 204981.5]",622444.7
"P04806, P04807",0.95,0.96,1.09,"[58194.8, 58829.9, 67179.1]",184203.80000000002
P04806,0.89,1.06,1.05,"[128071.0, 151536.4, 150571.8]",430179.2
"P07280, P07281",0.89,1.06,1.05,"[70745.1, 84205.6, 83048.7]",237999.40000000002
O14467,1.01,0.99,0.99,"[285435.6, 279930.7, 279687.7]",845054.0
P38264,1.01,1.0,0.99,"[30893.2, 30756.0, 30219.6]",91868.79999999999
P46675,0.1,2.81,0.09,"[1540.3, 44044.3, 1408.6]",46993.200000000004
P40825,1.23,1.11,0.67,"[8884.7, 7990.4, 4810.2]",21685.3
Q04199,0.64,0.9,1.45,"[3443.6, 4837.6, 7778.1]",16059.300000000001
Q06252,1.18,0.82,0.99,"[54005.6, 37456.5, 45334.8]",136796.90000000002
P37291,0.96,1.04,1.0,"[354042.7, 383513.1, 368801.4]",1106357.2000000002
P10622,0.93,0.97,1.1,"[20314.4, 21349.0, 24122.4]",65785.8
P33418,1.07,0.65,1.28,"[5012.8, 3057.3, 6019.7]",14089.8
P32860,0.93,0.78,1.28,"[3020.6, 2537.6, 4162.4]",9720.599999999999
P32911,0.86,1.03,1.1,"[14091.9, 16945.8, 18096.3]",49134.0
P00445,1.04,0.98,0.99,"[560060.4, 528006.4, 533727.2]",1621794.0
P32599,1.1,0.97,0.93,"[30959.4, 27450.3, 26338.7]",84748.4
P53691,1.0,1.22,0.78,"[20356.8, 24679.2, 15886.8]",60922.8
"P32386, P38735",0.28,1.25,1.47,"[4642.1, 20724.0, 24301.6]",49667.7
P38630,1.1,0.88,1.02,"[3151.0, 2514.3, 2938.0]",8603.3
"P0CX27, P0CX28",1.0,0.98,1.02,"[184445.8, 181421.5, 188252.3]",554119.6
Q12369,0.94,1.03,1.02,"[161510.2, 176915.9, 175209.5]",513635.6
P38348,0.64,1.53,0.83,"[4022.5, 9593.0, 5212.5]",18828.0
P32861,0.68,1.13,1.2,"[8852.7, 14757.5, 15720.1]",39330.3
P04802,0.77,1.09,1.14,"[16595.1, 23564.3, 24698.7]",64858.09999999999
P02994,0.84,1.2,0.97,"[579502.4, 829861.7, 672153.4]",2081517.5
P38219,0.94,0.99,1.07,"[206511.9, 216321.6, 232874.0]",655707.5
P49166,0.82,1.13,1.05,"[25598.2, 34990.4, 32533.2]",93121.8
P06105,1.21,0.88,0.91,"[55627.7, 40665.1, 41632.0]",137924.8
P23301,0.49,1.42,1.09,"[11509.5, 33414.8, 25565.9]",70490.20000000001
P28006,1.52,1.19,0.28,"[37214.1, 29123.9, 6941.2]",73279.2
P15624,1.25,0.92,0.83,"[29754.2, 21810.7, 19684.7]",71249.6
"O13516, P05755",0.96,1.06,0.99,"[43379.3, 47898.0, 44843.2]",136120.5
P05747,0.95,1.41,0.63,"[6406.7, 9478.1, 4254.3]",20139.1
P54115,0.97,1.01,1.01,"[472818.8, 492803.5, 492063.5]",1457685.8
P00924,0.95,1.0,1.05,"[237541.9, 250272.4, 263186.2]",751000.5
P38272,0.57,1.46,0.96,"[57123.3, 145242.0, 95829.4]",298194.69999999995
P40185,1.11,0.93,0.95,"[83239.4, 69801.4, 71224.0]",224264.8
"P0C2H8, P0C2H9",0.81,1.07,1.12,"[179466.2, 236795.1, 246767.5]",663028.8
P32527,0.97,1.09,0.95,"[63631.1, 71330.5, 62077.7]",197039.3
P32379,0.88,0.89,1.22,"[93302.4, 94666.3, 129418.2]",317386.9
Q05050,1.11,1.28,0.61,"[16622.0, 19168.3, 9222.1]",45012.4
"P0CX33, P0CX34",0.24,2.68,0.08,"[15822.7, 178381.6, 5600.6]",199804.90000000002
P10591,0.96,1.0,1.04,"[157996.8, 164267.8, 170029.5]",492294.1
P16861,1.15,0.87,0.98,"[89254.6, 67537.6, 75662.4]",232454.6
"P39003, P39004",0.62,1.13,1.25,"[53594.4, 97387.1, 107143.1]",258124.6
P39526,1.08,0.93,0.99,"[32526.0, 27875.0, 29594.5]",89995.5
P40470,1.21,0.99,0.8,"[11004.8, 9045.2, 7292.6]",27342.6
P31539,0.96,1.07,0.97,"[90533.8, 100409.5, 91212.5]",282155.8
P36101,1.22,0.92,0.85,"[19892.7, 15009.8, 13863.1]",48765.6
P06787,0.96,0.9,1.14,"[74172.1, 69828.9, 88204.2]",232205.2
"P0C0T4, Q3E792",1.2,1.37,0.43,"[13073.4, 14922.0, 4734.3]",32729.7
P12954,0.57,0.84,1.59,"[2992.0, 4463.8, 8429.5]",15885.3
P53599,0.78,1.21,1.01,"[24624.2, 38397.6, 32091.4]",95113.20000000001
P49167,0.98,0.97,1.05,"[352280.9, 349529.6, 377093.0]",1078903.5
Q07530,1.07,1.42,0.5,"[14252.0, 18930.6, 6686.8]",39869.4
"P25608, P53912, P54007",1.07,0.98,0.95,"[39505.9, 36388.5, 35361.6]",111256.0
P30624,1.09,0.73,1.18,"[3645.6, 2456.3, 3962.0]",10063.9
P32048,1.39,0.88,0.74,"[6982.0, 4417.3, 3710.7]",15110.0
Q12331,0.66,1.35,0.99,"[9325.8, 18972.8, 13931.1]",42229.7
"P0CX37, P0CX38",0.8,1.34,0.86,"[271174.4, 453797.8, 292913.4]",1017885.6
"P0CX31, P0CX32",1.07,0.94,1.0,"[41665.7, 36462.1, 38853.4]",116981.19999999998
P54885,0.9,1.15,0.96,"[10844.1, 13808.3, 11526.4]",36178.8
Q08236,0.95,1.03,1.02,"[73281.1, 79673.5, 78648.1]",231602.7
P40341,1.04,1.11,0.85,"[13981.2, 15018.7, 11478.5]",40478.4
P00330,0.99,1.0,1.02,"[573400.6, 579392.0, 593372.2]",1746164.8
"P05739, Q02326",0.98,1.02,1.0,"[273512.7, 284459.3, 278896.9]",836868.9
P28273,0.98,0.91,1.11,"[18049.6, 16690.1, 20469.9]",55209.6
Q06096,1.14,0.91,0.96,"[12773.7, 10194.4, 10790.8]",33758.899999999994
"P29547, P36008",1.13,1.23,0.64,"[7269.4, 7926.0, 4153.5]",19348.9
P32481,0.95,1.12,0.93,"[27685.2, 32550.6, 27081.5]",87317.3
P38934,0.95,1.18,0.87,"[51220.8, 63641.6, 47037.6]",161900.0
P39955,1.17,1.3,0.54,"[6934.7, 7708.7, 3207.5]",17850.9
P39002,0.93,0.78,1.29,"[4497.8, 3788.9, 6252.7]",14539.400000000001
P25719,0.91,1.16,0.93,"[37993.4, 48126.1, 38622.2]",124741.7
Q08179,1.18,0.89,0.92,"[14512.9, 10908.9, 11322.7]",36744.5
P22515,1.04,1.11,0.85,"[61848.0, 65901.0, 50684.8]",178433.8
P38707,0.96,0.94,1.1,"[24798.0, 24202.8, 28313.4]",77314.20000000001
P80210,1.33,0.85,0.82,"[135517.1, 86956.8, 84312.7]",306786.60000000003
P07267,0.95,1.07,0.98,"[16458.9, 18610.6, 17037.5]",52107.0
Q03002,0.88,1.21,0.9,"[28787.3, 39571.7, 29429.1]",97788.1
P02829,0.97,1.04,0.99,"[201242.9, 216336.3, 204318.5]",621897.7
P08524,0.62,1.22,1.16,"[15945.6, 31196.8, 29738.5]",76880.9
P22855,0.93,0.74,1.33,"[12874.8, 10168.8, 18422.2]",41465.8
P35176,0.43,1.52,1.04,"[2683.8, 9479.9, 6487.2]",18650.9
P25294,0.79,0.61,1.6,"[3765.3, 2890.6, 7571.9]",14227.8
P25646,0.64,1.3,1.06,"[11764.6, 24091.2, 19596.6]",55452.4
P32891,0.48,1.32,1.2,"[4053.3, 11066.4, 10119.7]",25239.4
P06738,0.86,0.95,1.19,"[19558.5, 21639.0, 27041.7]",68239.2
P23639,1.02,1.17,0.81,"[8597.9, 9851.4, 6863.4]",25312.699999999997
P53622,1.34,0.79,0.87,"[4585.8, 2722.2, 2988.1]",10296.1
P26637,1.0,0.97,1.03,"[14470.2, 14024.5, 14903.0]",43397.7
P04840,1.06,0.95,1.0,"[186169.7, 166889.1, 175572.0]",528630.8
P47075,0.83,1.02,1.14,"[27631.5, 34039.6, 38015.7]",99686.79999999999
P53840,1.07,1.19,0.74,"[24651.4, 27271.8, 16876.9]",68800.1
P41277,1.08,0.96,0.96,"[178975.4, 159402.2, 158479.8]",496857.39999999997
P38804,1.21,0.8,0.99,"[25862.9, 17084.1, 21135.9]",64082.9
P47088,0.81,0.99,1.2,"[6587.4, 8032.3, 9750.1]",24369.800000000003
P10081,0.84,0.98,1.18,"[90105.9, 104667.3, 126149.2]",320922.4
P18239,0.97,1.03,1.0,"[12241.5, 13010.8, 12593.0]",37845.3
"P05740, P46990",1.0,1.31,0.69,"[56656.5, 74424.2, 39019.9]",170100.6
Q07732,0.98,0.88,1.14,"[3187.5, 2876.4, 3691.3]",9755.2
Q03834,0.78,1.33,0.9,"[7225.9, 12339.1, 8358.5]",27923.5
P32263,0.85,1.05,1.1,"[13100.3, 16175.9, 17015.0]",46291.2
P40460,0.83,0.97,1.19,"[18111.3, 21149.7, 25821.1]",65082.1
P38624,1.01,0.83,1.16,"[23449.6, 19325.3, 27120.1]",69895.0
P53163,0.93,1.14,0.93,"[32415.4, 39629.3, 32589.6]",104634.30000000002
P38800,0.59,0.67,1.74,"[3427.9, 3941.1, 10167.9]",17536.9
Q12000,1.05,1.02,0.92,"[3295.5, 3208.7, 2895.6]",9399.8
P38011,0.95,1.06,0.99,"[108510.2, 121909.4, 113318.9]",343738.5
P23542,0.74,1.14,1.11,"[40779.6, 62894.8, 61298.7]",164973.09999999998
P38431,0.88,1.11,1.0,"[48512.5, 61293.7, 55149.3]",164955.5
P25356,0.74,1.73,0.53,"[2638.2, 6180.5, 1894.6]",10713.300000000001
Q03944,0.98,1.1,0.92,"[6018.3, 6728.3, 5674.4]",18421.0
P54790,1.15,1.27,0.58,"[8132.2, 9042.0, 4130.5]",21304.7
P25694,0.9,1.07,1.03,"[113473.6, 133996.6, 128791.8]",376262.0
P53315,0.57,0.82,1.6,"[1915.8, 2748.4, 5345.1]",10009.3
P05694,1.0,1.01,0.99,"[257366.9, 261949.8, 255469.2]",774785.8999999999
P39726,0.88,1.05,1.07,"[22203.3, 26473.4, 26880.4]",75557.1
Q03558,0.91,1.1,0.99,"[48848.2, 59107.4, 52823.2]",160778.8
Q05359,0.82,0.96,1.21,"[2735.2, 3197.7, 4027.0]",9959.9
P40395,1.0,1.03,0.97,"[75938.2, 78051.0, 73308.1]",227297.30000000002
P28789,0.76,1.08,1.15,"[47105.7, 66997.6, 71190.2]",185293.5
P22203,0.83,1.04,1.13,"[116076.0, 144674.5, 157826.2]",418576.7
P10964,0.94,1.06,1.0,"[64583.5, 72458.4, 68145.6]",205187.5
P38698,0.46,1.53,1.01,"[17571.0, 58508.1, 38354.0]",114433.1
P22137,1.13,0.77,1.1,"[33551.5, 22886.5, 32695.2]",89133.2
"P19414, P39533",1.08,1.03,0.89,"[38209.1, 36606.7, 31793.9]",106609.69999999998
Q12142,0.61,2.0,0.38,"[2893.3, 9433.9, 1797.1]",14124.300000000001
"P11076, P19146",0.91,1.19,0.9,"[8293.1, 10909.9, 8286.3]",27489.3
P54839,0.91,1.03,1.06,"[49226.9, 55515.2, 57449.6]",162191.7
"P05748, P54780",0.83,1.15,1.02,"[122508.4, 170174.0, 151066.9]",443749.30000000005
Q08562,0.85,1.15,0.99,"[2725.0, 3675.4, 3161.3]",9561.7
P33892,1.42,0.14,1.44,"[49276.6, 4850.4, 49992.2]",104119.2
P35719,1.01,0.96,1.03,"[42029.3, 39958.6, 42711.4]",124699.29999999999
Q02455,0.85,1.08,1.07,"[22306.7, 28344.4, 28278.3]",78929.40000000001
P16522,1.03,1.11,0.86,"[2031.5, 2182.7, 1692.0]",5906.2
"P10659, P19358",0.92,1.04,1.03,"[60012.3, 68106.3, 67448.6]",195567.2
P13856,1.01,1.09,0.91,"[21451.4, 23212.0, 19322.3]",63985.7
P50275,0.76,1.17,1.07,"[5438.3, 8369.9, 7632.1]",21440.300000000003
Q12220,1.14,0.96,0.9,"[8733.2, 7345.6, 6847.9]",22926.7
P52910,0.96,1.01,1.03,"[146096.4, 153134.7, 157441.8]",456672.89999999997
P10592,1.11,0.94,0.95,"[13954.3, 11805.3, 11991.4]",37751.0
P16862,0.96,1.02,1.02,"[235196.4, 251690.1, 251646.0]",738532.5
P39016,1.01,0.93,1.06,"[17086.2, 15587.8, 17845.0]",50519.0
P43123,1.12,0.93,0.96,"[11609.3, 9623.1, 9955.6]",31188.0
"P05738, P51401",0.9,1.08,1.02,"[129311.4, 155793.9, 146875.8]",431981.1
Q04602,0.87,1.06,1.06,"[6738.6, 8222.6, 8202.6]",23163.800000000003
P31116,0.93,1.04,1.03,"[193733.0, 215693.1, 213399.0]",622825.1
P38715,0.9,0.9,1.19,"[31761.2, 31869.4, 42041.1]",105671.70000000001
P38701,0.95,0.96,1.09,"[199000.4, 202147.3, 227532.8]",628680.5
P53197,1.11,0.94,0.94,"[11538.0, 9774.2, 9762.8]",31075.0
Q05911,0.89,1.15,0.97,"[65560.5, 84993.7, 71655.1]",222209.30000000002
P25588,0.79,1.05,1.16,"[11452.6, 15283.8, 16803.0]",43539.4
Q08204,1.18,1.22,0.6,"[6025.2, 6257.0, 3041.5]",15323.7
P39935,0.97,0.98,1.05,"[18458.0, 18839.8, 20082.5]",57380.3
Q03161,1.07,1.08,0.85,"[30642.9, 30883.0, 24393.8]",85919.7
P51402,0.66,1.09,1.25,"[8768.8, 14583.8, 16711.4]",40064.0
"P40106, P41277",0.98,1.12,0.91,"[93693.5, 106939.9, 86742.2]",287375.6
P46655,0.97,1.26,0.77,"[18871.6, 24709.1, 15080.8]",58661.5
P16474,0.95,1.09,0.96,"[51906.1, 59248.7, 52440.4]",163595.19999999998
P38013,1.13,0.95,0.92,"[256086.1, 215409.1, 208822.9]",680318.1
Q06321,0.95,0.99,1.06,"[22001.8, 22778.9, 24505.5]",69286.2
P07244,0.94,1.04,1.01,"[35626.9, 39423.7, 38193.5]",113244.1
P29311,0.94,1.0,1.06,"[84338.5, 89270.3, 95011.5]",268620.3
Q12055,1.07,0.97,0.96,"[3110.6, 2823.6, 2778.9]",8713.1
Q05812,0.83,1.07,1.1,"[2048.7, 2634.5, 2707.2]",7390.4
"Q02753, Q12672",0.96,1.0,1.04,"[983949.4, 1030613.8, 1071275.7]",3085838.9000000004
P38009,0.79,1.12,1.09,"[40752.7, 57443.1, 55892.1]",154087.9
Q12499,0.92,1.05,1.03,"[70013.0, 79538.5, 78567.3]",228118.8
P17505,0.71,0.87,1.42,"[10105.5, 12392.9, 20347.2]",42845.600000000006
P26785,0.98,1.03,0.99,"[204282.9, 215369.7, 207665.5]",627318.1
P39007,1.15,0.84,1.01,"[10117.7, 7434.0, 8878.9]",26430.6
Q00362,0.29,1.67,1.04,"[2387.6, 13807.6, 8568.8]",24764.0
P38130,0.92,0.68,1.39,"[3171.6, 2344.3, 4778.1]",10294.0
"P0CX45, P0CX46",0.89,1.06,1.04,"[61844.4, 73815.6, 72377.6]",208037.6
Q08970,0.88,0.77,1.35,"[23103.2, 20396.5, 35642.9]",79142.6
P32445,1.08,0.98,0.93,"[77250.5, 69976.6, 66596.3]",213823.40000000002
P07806,1.0,1.03,0.97,"[14314.2, 14762.9, 13797.7]",42874.8
P14120,0.88,1.01,1.1,"[33992.6, 38926.5, 42480.2]",115399.3
Q04947,0.86,1.11,1.02,"[98050.2, 126148.4, 115941.2]",340139.8
P32896,0.98,0.98,1.04,"[15276.8, 15171.2, 16117.1]",46565.1
P21243,0.94,0.91,1.15,"[54144.7, 52545.6, 66704.3]",173394.59999999998
"P32589, P32590",1.0,1.04,0.97,"[429465.8, 446089.1, 415515.0]",1291069.9
P40037,1.06,1.03,0.91,"[100363.0, 98140.5, 86785.6]",285289.1
Q03530,0.91,0.85,1.24,"[8552.3, 8004.9, 11697.8]",28254.999999999996
P00498,0.81,1.09,1.1,"[2172.4, 2910.5, 2942.5]",8025.4
P16387,1.13,1.01,0.86,"[10022.5, 8981.3, 7668.0]",26671.8
Q12458,0.55,0.75,1.69,"[3050.6, 4154.2, 9330.2]",16535.0
P46680,0.85,1.09,1.06,"[26157.9, 33423.2, 32517.8]",92098.9
Q06508,0.97,1.02,1.01,"[39086.9, 41191.7, 40755.9]",121034.5
P34216,0.94,1.16,0.9,"[2068.8, 2534.4, 1964.8]",6568.000000000001
P53742,1.19,0.79,1.02,"[3096.6, 2050.5, 2636.7]",7783.8
P53276,1.0,1.09,0.91,"[5905.9, 6416.3, 5361.7]",17683.9
P40457,1.06,1.12,0.82,"[68112.9, 72397.7, 53112.2]",193622.8
"O14455, P05745",1.0,0.9,1.09,"[130032.7, 116768.6, 141379.6]",388180.9
P05318,1.01,0.98,1.02,"[73345.8, 71329.7, 73992.8]",218668.3
Q12009,0.46,1.34,1.19,"[2276.1, 6576.3, 5837.6]",14690.0
P39735,1.61,1.31,0.08,"[142244.6, 115692.8, 7249.4]",265186.80000000005
"P22217, P22803",0.92,1.08,1.0,"[252329.3, 294235.0, 273504.9]",820069.2000000001
P38326,0.98,1.02,1.0,"[153568.5, 159698.0, 156719.6]",469986.1
P41832,1.11,1.0,0.89,"[10313.1, 9303.6, 8321.4]",27938.1
O14455,1.02,1.0,0.99,"[166666.0, 162958.8, 161642.6]",491267.4
P41338,1.04,1.09,0.87,"[13845.2, 14576.5, 11590.4]",40012.1
P02400,1.0,1.04,0.96,"[69887.2, 72164.1, 66651.1]",208702.4
P39932,1.01,0.95,1.04,"[30912.7, 29166.7, 31747.7]",91827.1
P32589,1.01,0.79,1.2,"[44054.9, 34687.1, 52301.4]",131043.4
P23638,1.15,1.03,0.82,"[15748.8, 14178.0, 11224.7]",41151.5
P05744,0.94,1.03,1.03,"[69472.7, 75979.3, 75630.2]",221082.2
Q12143,1.21,0.81,0.98,"[68900.4, 45742.4, 55683.1]",170325.9
P23180,0.91,1.24,0.84,"[33743.7, 46043.2, 31178.1]",110965.0
P04456,1.01,1.08,0.91,"[61977.5, 65966.3, 55858.6]",183802.4
Q06554,1.36,0.53,1.11,"[8021.4, 3152.1, 6582.0]",17755.5
P00358,0.99,1.05,0.96,"[123307.6, 130206.6, 118818.7]",372332.9
Q12396,1.04,1.38,0.58,"[4536.0, 6053.6, 2549.7]",13139.3
P38555,1.12,0.89,0.99,"[2453.9, 1963.8, 2173.3]",6591.0
P04821,1.34,1.17,0.5,"[23701.0, 20719.2, 8790.0]",53210.2
P28274,0.61,1.81,0.58,"[3587.5, 10590.9, 3422.2]",17600.6
P38604,0.94,1.06,1.0,"[2191.6, 2463.8, 2311.1]",6966.5
P35691,0.91,1.09,0.99,"[117450.0, 140146.0, 127610.9]",385206.9
P00830,0.97,1.03,1.0,"[82259.2, 88117.5, 85328.8]",255705.5
P17255,0.98,1.08,0.94,"[127478.9, 139658.7, 121353.3]",388490.89999999997
P39077,1.37,0.67,0.96,"[3970.1, 1929.5, 2788.3]",8687.900000000001
P38061,1.03,1.08,0.89,"[3994.1, 4161.2, 3432.2]",11587.5
Q12276,1.01,1.02,0.97,"[20939.4, 21244.0, 20173.3]",62356.7
Q04223,1.31,0.58,1.1,"[8272.4, 3684.2, 6960.8]",18917.399999999998
P32610,0.72,1.19,1.09,"[7563.9, 12550.2, 11557.3]",31671.399999999998
P40513,0.95,1.14,0.9,"[49834.9, 59748.5, 47285.1]",156868.5
P38887,1.04,1.02,0.94,"[61825.1, 60185.9, 55813.8]",177824.8
P14742,0.89,1.05,1.06,"[39847.5, 47232.2, 47370.4]",134450.1
"P0C0W9, Q3E757",0.94,0.97,1.1,"[326676.4, 337509.2, 383230.9]",1047416.5000000001
P53866,1.15,1.0,0.85,"[3653.9, 3204.7, 2709.8]",9568.400000000001
"P06367, P39516",1.03,0.99,0.99,"[160982.9, 154646.8, 155305.0]",470934.69999999995
"P29311, P34730",0.91,0.93,1.16,"[11864.3, 12169.6, 15186.1]",39220.0
P48569,0.75,1.15,1.09,"[7623.2, 11656.7, 11012.7]",30292.600000000002
P28241,0.99,0.99,1.01,"[89216.1, 88966.1, 91090.9]",269273.1
P32522,0.92,0.97,1.11,"[4770.6, 5027.1, 5791.8]",15589.5
P21657,0.74,1.43,0.83,"[1441.3, 2760.2, 1605.2]",5806.7
P40025,1.11,1.32,0.57,"[45291.7, 54213.3, 23361.4]",122866.4
"P06169, P16467",0.96,1.05,0.99,"[231464.5, 252715.2, 237138.6]",721318.3
P32567,0.84,0.95,1.2,"[3138.4, 3559.0, 4483.6]",11181.0
P16140,0.91,1.12,0.97,"[44715.7, 54963.9, 47967.3]",147646.90000000002
P22470,0.76,1.21,1.03,"[20187.7, 32359.3, 27619.9]",80166.9
P36166,0.65,1.39,0.96,"[2634.9, 5656.9, 3919.9]",12211.699999999999
Q04182,0.87,1.5,0.63,"[13156.1, 22652.8, 9479.0]",45287.9
"O13535, O74302, P0C2I2, P0C2I3, P0C2I4, P0C2I5, P0C2I6, P0C2I8, P0C2I9, P0C2J0, P0C2J1, P0CX57, P0CX58, P0CX59, P0CX60, P0CX65, P0CX66, P0CX67, P0CX68, P0CX69, P0CX70, P0CX71, P0CX72, P0CX73, P0CX74, P0CX75, P0CX76, P47098, P47099, P47100, Q03434, Q03612, Q03619, Q03855, Q03856, Q04670, Q04706, Q04711, Q07793, Q12085, Q12088, Q12141, Q12193, Q12217, Q12269, Q12273, Q12316, Q12414, Q12441, Q12470, Q12485, Q6Q5H1, Q92392, Q92393, Q99231, Q99337",1.06,1.06,0.89,"[159348.7, 158886.4, 133387.2]",451622.3
P39715,0.75,0.71,1.55,"[6051.7, 5724.0, 12516.1]",24291.800000000003
P46672,1.04,0.97,0.99,"[3109.5, 2911.5, 2953.8]",8974.8
P05749,0.49,0.51,2.01,"[3543.6, 3676.7, 14564.0]",21784.3
"P00358, P00359, P00360",0.14,1.42,1.44,"[38859.8, 390384.0, 395792.0]",825035.8
"P00330, P00331",0.93,1.09,0.98,"[57905.3, 68082.9, 60671.6]",186659.8
"P0CS90, P39987",0.86,1.05,1.09,"[51707.1, 63131.0, 65804.9]",180643.0
P15380,0.32,1.51,1.16,"[11416.1, 53270.4, 40942.2]",105628.7
P20081,0.89,1.05,1.06,"[160733.0, 190862.7, 192730.8]",544326.5
P39993,0.9,1.09,1.01,"[11773.3, 14244.0, 13241.0]",39258.3
Q12471,0.6,1.61,0.79,"[3426.7, 9170.5, 4468.2]",17065.4
Q12202,0.85,1.03,1.12,"[36409.3, 44212.3, 47728.8]",128350.40000000001
P12695,0.94,0.96,1.1,"[8885.5, 9130.0, 10386.4]",28401.9
P38716,1.05,0.98,0.97,"[42836.7, 40175.8, 39479.0]",122491.5
P33338,0.62,1.16,1.22,"[2208.7, 4098.7, 4299.1]",10606.5
P40455,0.86,1.1,1.04,"[21554.7, 27623.6, 26070.2]",75248.5
P34237,0.85,1.13,1.02,"[3902.6, 5200.9, 4695.0]",13798.5
P40008,2.66,0.19,0.15,"[39535.7, 2848.9, 2171.7]",44556.299999999996
Q06247,0.99,1.08,0.93,"[66713.0, 73249.2, 62739.8]",202702.0
P32449,0.95,1.01,1.03,"[28447.7, 30323.4, 30907.6]",89678.70000000001
Q07622,1.39,0.84,0.77,"[4549.6, 2736.8, 2532.6]",9819.0
P10659,1.08,0.93,0.99,"[18935.6, 16352.6, 17350.3]",52638.5
Q12219,1.06,1.0,0.94,"[26263.5, 24573.8, 23173.4]",74010.70000000001
"P0CX47, P0CX48",0.96,1.05,0.98,"[114455.4, 125129.3, 116941.9]",356526.6
P00890,0.69,1.35,0.95,"[6339.3, 12363.7, 8725.4]",27428.4
P47046,0.95,0.97,1.08,"[66491.5, 68220.3, 75436.5]",210148.3
P40531,0.89,1.07,1.04,"[49683.0, 60010.3, 57868.1]",167561.4
Q01560,1.07,1.04,0.89,"[14606.8, 14233.7, 12153.4]",40993.9
Q03690,1.4,1.15,0.45,"[9673.0, 7976.7, 3136.2]",20785.9
P27616,1.02,0.94,1.04,"[30371.2, 27828.7, 30821.0]",89020.9
P07278,0.84,1.14,1.01,"[29585.3, 39996.4, 35474.5]",105056.2
"P06169, P26263",0.62,1.29,1.09,"[5314.4, 11103.8, 9355.2]",25773.399999999998
"P18238, P18239",1.05,0.96,0.99,"[47041.6, 43000.2, 44015.7]",134057.5
P48589,0.97,1.04,0.99,"[257754.0, 278337.5, 263718.8]",799810.3
P47090,1.48,0.44,1.08,"[118690.3, 35472.6, 86599.4]",240762.3
P35724,0.74,1.22,1.04,"[66776.1, 110374.1, 94561.3]",271711.5
P40475,0.89,0.96,1.14,"[24338.3, 26205.8, 31178.2]",81722.3
P32497,1.29,0.54,1.17,"[6661.0, 2800.6, 6085.4]",15547.0
"P01119, P01120",0.91,1.0,1.09,"[152701.6, 167372.7, 183475.3]",503549.60000000003
P38221,0.82,1.09,1.09,"[46590.1, 61832.1, 61475.6]",169897.8
Q12068,0.98,0.75,1.27,"[14755.0, 11406.6, 19226.5]",45388.1
Q12172,1.34,0.44,1.22,"[8186.7, 2678.8, 7435.1]",18300.6
"P26784, P26785",0.3,0.41,2.29,"[5419.3, 7405.4, 41278.7]",54103.399999999994
Q06218,1.42,0.9,0.68,"[5509.7, 3503.8, 2666.3]",11679.8
P05030,1.23,0.89,0.88,"[13638.4, 9827.1, 9742.5]",33208.0
P28834,0.86,1.01,1.14,"[227591.3, 266676.3, 301542.0]",795809.6
Q6Q5F3,0.97,1.02,1.01,"[6214.8, 6547.3, 6488.1]",19250.2
Q12263,1.05,1.11,0.85,"[2585.3, 2741.4, 2089.8]",7416.500000000001
P26783,1.18,1.03,0.79,"[35057.9, 30746.3, 23543.3]",89347.5
P38720,0.51,1.1,1.38,"[3540.9, 7584.9, 9507.5]",20633.3
"P0C0W1, Q3E7Y3",2.0,0.29,0.7,"[25874.4, 3778.5, 9084.0]",38736.9
P53281,0.95,0.92,1.14,"[6746.6, 6543.1, 8101.7]",21391.4
