peptide,normalized_ratio_peptide_level_Gly_plus0_Pro,normalized_ratio_peptide_level_Gly_plus1_Pro,normalized_ratio_peptide_level_Gly_plus2_Pro,total_intensity_every_channel_peptide_level,total_intensity_all_channels_peptide_level
LLGNVTIAQGGVLPNIHQNLLPK,1.24,1.89,4.87,"[13696.2, 20990.1, 53969.6]",88655.9
ASGTVVVADTGDFGSIAK,1.3,1.72,4.98,"[3494.0, 4633.2, 13436.4]",21563.6
SEIAHRFK,0.57,2.53,4.89,"[1424534.3, 6290780.7, 12140581.5]",19855896.5
RSHFDTEYLGDLARK,1.42,3.09,3.48,"[7037.4, 15278.8, 17215.7]",39531.899999999994
EIDGPSPNIK,0.77,2.36,4.87,"[7032.1, 21476.5, 44344.9]",72853.5
LRVDEVQGK,1.03,2.17,4.8,"[219452.5, 463523.5, 1024179.6]",1707155.6
LFAATVAK,0.95,2.08,4.97,"[481938.2, 1053466.0, 2515842.7]",4051246.9000000004
CSATNRIIK,1.22,2.0,4.78,"[58455.7, 95412.5, 228157.2]",382025.4
GDQEARGLVEDANAAAK,1.17,1.97,4.86,"[24925.5, 42001.5, 103702.2]",170629.2
ALEEVSLK,0.92,2.11,4.97,"[9690.6, 22242.0, 52443.3]",84375.9
QTHPDTGISQK,0.99,2.09,4.92,"[83221.8, 176134.0, 414150.4]",673506.2
ILEVHVEPGMK,1.18,2.08,4.74,"[29732.1, 52190.9, 118846.9]",200769.9
AVDDFLISLDGTANK,0.94,1.97,5.09,"[125170.9, 264087.0, 680677.3]",1069935.2000000002
AESHRLYVK,0.92,2.08,5.01,"[265212.7, 600585.9, 1449096.9]",2314895.5
IFTVPTETLQAVTK,0.74,1.56,5.7,"[3234.6, 6818.2, 24884.4]",34937.2
ALVAQGVK,0.86,2.11,5.02,"[13274.8, 32527.7, 77242.5]",123045.0
NFTPEQISSMVLGK,0.9,1.97,5.13,"[28915.4, 62893.5, 164050.1]",255859.0
EEIEILSHGK,1.12,2.13,4.74,"[28174.5, 53407.2, 118893.2]",200474.9
VNVEGLPRDIK,1.1,2.29,4.62,"[34168.7, 71313.4, 144036.0]",249518.09999999998
VQAVAVLK,2.14,1.28,4.58,"[5132.6, 3062.3, 10994.0]",19188.9
TVFAQVPK,1.11,1.8,5.09,"[7258.0, 11839.9, 33388.4]",52486.3
TEELQTSSMK,1.0,2.22,4.78,"[66264.3, 147455.3, 317974.4]",531694.0
SLHISQVVLVK,1.01,1.75,5.23,"[15393.5, 26607.6, 79356.3]",121357.4
ESLLGFSK,2.37,1.9,3.73,"[19308.7, 15499.5, 30355.8]",65164.0
RLLASRNSK,1.21,2.78,4.01,"[12428.5, 28682.7, 41373.6]",82484.79999999999
NQLESIAYSLK,1.18,1.46,5.35,"[6872.1, 8501.4, 31053.5]",46427.0
QVLENLNSK,0.83,1.45,5.72,"[6759.7, 11854.8, 46772.3]",65386.8
GNFTEFVK,2.26,1.98,3.76,"[32634.1, 28579.6, 54291.4]",115505.1
QEPERNECFLSHK,0.62,2.41,4.96,"[85261.5, 328892.9, 677505.1]",1091659.5
FASDPGCAFTK,1.24,1.99,4.78,"[196187.1, 315650.4, 758910.4]",1270747.9
QNCDQFEK,0.51,2.46,5.03,"[60283.4, 289193.0, 592056.3]",941532.7000000001
ALNEEAEARRLK,0.99,1.97,5.04,"[142192.8, 283834.3, 725417.3]",1151444.4
ISSVYRLK,0.97,2.11,4.91,"[299970.7, 651313.9, 1515018.1]",2466302.7
LVGTEPEAK,0.88,2.13,4.99,"[57418.9, 139441.9, 326445.0]",523305.8
LATGANIVGNALIDPTAK,0.77,1.88,5.34,"[3538.7, 8641.5, 24514.7]",36694.9
ALERDVDLIESMK,0.86,1.83,5.31,"[12471.8, 26465.1, 77074.0]",116010.9
YAIDMTEQARQGK,1.03,2.41,4.57,"[46517.0, 109138.2, 206873.4]",362528.6
AELINNLGTIAK,0.78,2.02,5.19,"[2280.7, 5889.4, 15100.1]",23270.2
LYFRREPRDFK,2.13,5.5,0.37,"[17568.4, 45312.3, 3025.2]",65905.90000000001
LEDLSPSTHNMEVPVVK,0.72,2.19,5.09,"[6194.0, 18785.9, 43664.2]",68644.1
LSGCYAPRPSAGPHK,1.17,1.94,4.89,"[59090.7, 97429.1, 246065.7]",402585.5
AIILGAQSIK,0.97,2.14,4.89,"[17367.8, 38120.3, 87288.6]",142776.7
GALDDLGFK,0.84,2.64,4.52,"[2204.0, 6914.9, 11859.9]",20978.8
TGVIVGEDVHNLFTYAK,1.25,1.7,5.05,"[7757.5, 10598.7, 31435.7]",49791.9
GIIIADTK,0.72,2.12,5.16,"[9454.1, 27996.1, 68216.1]",105666.3
QIAFPQRK,0.81,3.06,4.13,"[93400.8, 352179.0, 475832.6]",921412.3999999999
GISNEGQNASIK,1.04,2.17,4.79,"[12151.6, 25404.1, 55918.0]",93473.7
MTVITIAK,0.5,2.02,5.48,"[5304.5, 21376.0, 58073.1]",84753.6
HGQFAADLTAK,1.2,2.62,4.18,"[35587.9, 77407.2, 123574.3]",236569.40000000002
GQQEAARAGELLK,0.91,2.08,5.0,"[50225.3, 114407.7, 274749.7]",439382.7
HSVPNISMNALDMTREASCK,0.6,2.36,5.04,"[3132.8, 12236.9, 26131.3]",41501.0
AQGVAVQLK,1.09,2.12,4.8,"[21327.7, 41538.7, 94054.7]",156921.09999999998
FNVEYFAK,0.72,2.49,4.79,"[6788.3, 23516.0, 45274.3]",75578.6
SVPRPSITRK,1.04,2.19,4.77,"[59672.7, 126121.0, 275085.3]",460879.0
LVNELTEFAK,0.59,2.48,4.93,"[42301.2, 176352.2, 350905.1]",569558.5
IIAPPERK,1.09,2.14,4.77,"[173707.2, 340453.1, 760269.8]",1274430.1
LGGDRTFDTTQSK,1.0,2.01,4.99,"[297563.0, 597891.2, 1480714.9]",2376169.0999999996
LSGEPIIK,0.73,2.62,4.66,"[1332.5, 4802.4, 8540.5]",14675.4
NLSQILADDGDDK,0.85,2.07,5.08,"[16995.4, 41521.5, 102063.8]",160580.7
HLYHVLYK,0.82,2.36,4.82,"[72403.6, 208971.0, 426772.4]",708147.0
AYCDDTPTEK,0.74,2.2,5.06,"[22732.9, 67174.2, 154488.7]",244395.80000000002
GDFEERFK,1.03,1.94,5.03,"[52683.8, 99211.6, 257211.3]",409106.7
GDTYVSIQGFK,1.19,2.1,4.71,"[33452.5, 59222.4, 132871.5]",225546.4
LIDLTQFPAFVTPMGK,0.66,2.45,4.89,"[8974.7, 33311.6, 66412.1]",108698.40000000001
AVGAHSDLLK,0.94,2.11,4.96,"[184583.7, 414223.1, 974649.5]",1573456.3
DETVAPRFK,0.9,2.24,4.86,"[195914.2, 485531.8, 1053795.9]",1735241.9
ARHLAGIDDDGK,0.99,1.87,5.14,"[22339.9, 42360.4, 116262.2]",180962.5
ETIQSVYINPLDYLK,0.75,2.21,5.04,"[3978.6, 11743.0, 26776.9]",42498.5
HIDASGSINRK,1.06,2.08,4.86,"[122813.2, 241187.4, 563651.9]",927652.5
STTTGHLIYK,1.31,2.52,4.17,"[71780.0, 138074.1, 228252.1]",438106.2
DRVYYVPDHVAK,0.58,2.08,5.34,"[4537.6, 16355.9, 41874.5]",62768.0
QSLDVSSDRRK,0.62,3.89,3.5,"[89982.2, 565462.6, 508853.0]",1164297.7999999998
NANVVAVK,1.14,1.26,5.6,"[2475.4, 2716.2, 12107.8]",17299.4
LLGLQSLK,1.0,2.14,4.86,"[48461.1, 103044.0, 234258.3]",385763.4
ELYEVDVLK,0.61,1.92,5.48,"[2728.0, 8651.4, 24679.6]",36059.0
EETLNPIIQDTK,0.5,2.74,4.77,"[3742.7, 20693.7, 36024.8]",60461.200000000004
TPLPPAPAPK,0.9,2.02,5.08,"[7538.2, 16927.1, 42527.7]",66993.0
AFHVTPDK,1.1,2.09,4.81,"[230999.9, 436921.3, 1007055.7]",1674976.9
IRNAENPISK,1.13,1.91,4.96,"[68555.7, 116610.2, 302128.3]",487294.19999999995
QQEEIQHIK,0.89,2.36,4.75,"[24167.2, 63806.4, 128656.9]",216630.5
HIIVDGHK,1.03,2.13,4.84,"[1205809.4, 2484412.8, 5654501.6]",9344723.799999999
FAEQYSDAAFYK,0.67,2.17,5.16,"[3878.9, 12491.8, 29676.9]",46047.6
LGVHEDTQNRAALAK,0.68,2.48,4.85,"[5228.9, 19058.4, 37308.9]",61596.200000000004
ALQVTPPEHK,1.17,1.85,4.98,"[21471.3, 33791.1, 90949.3]",146211.7
ETIARVTGGMK,1.05,2.01,4.94,"[297133.2, 568273.3, 1400393.3]",2265799.8
NIVEFHSDHMK,1.04,1.97,4.99,"[645431.9, 1226098.5, 3098387.7]",4969918.1
VVGASVVVVK,1.41,1.98,4.61,"[14780.1, 20670.4, 48210.6]",83661.1
DDSPDLPK,0.54,2.75,4.71,"[16222.6, 82013.8, 140614.9]",238851.3
AILMQRHVK,1.02,1.96,5.02,"[126323.4, 242701.4, 620316.5]",989341.3
LQTISALPK,1.21,1.93,4.86,"[16542.4, 26384.4, 66394.9]",109321.7
EEINQLVYEVSYAYQIK,0.58,1.82,5.6,"[4220.0, 13169.8, 40469.3]",57859.100000000006
TGIAIGLNK,1.01,2.08,4.91,"[64328.4, 132331.1, 312004.2]",508663.7
SHCIAEVEK,0.55,2.64,4.81,"[29471.4, 140130.6, 255794.8]",425396.8
FIHDAAVK,1.52,1.97,4.51,"[191860.3, 247714.5, 567586.9]",1007161.7
HVEITDDEIAK,1.03,2.1,4.87,"[60762.8, 124530.9, 288899.1]",474192.8
AHPRIEAK,0.93,2.01,5.06,"[27736.5, 59866.1, 150433.0]",238035.6
IRENMEQIRRK,0.46,2.44,5.1,"[10498.2, 55152.7, 115220.7]",180871.59999999998
AAAEGPMK,1.02,1.95,5.02,"[215554.7, 412786.4, 1061160.0]",1689501.1
GSISAEHGIGFHK,0.78,1.73,5.48,"[2510.8, 5570.7, 17605.2]",25686.7
GSSTSYAIK,0.91,2.5,4.59,"[5711.9, 15759.9, 28953.8]",50425.6
QTALVELLK,0.79,2.61,4.6,"[59399.4, 197571.0, 347955.8]",604926.2
AASDAIPPASPK,0.87,2.09,5.04,"[67502.6, 162376.3, 391988.5]",621867.4
VYLVLEYCSRGPVK,1.8,2.44,3.77,"[11839.1, 16061.3, 24852.4]",52752.8
TCVADESHAGCEK,0.58,2.52,4.9,"[749049.5, 3261546.8, 6342396.0]",10352992.3
GSLEEIIAEGQK,0.93,2.12,4.96,"[23140.0, 52667.7, 123403.4]",199211.09999999998
TRNPLTHSTPK,0.87,2.14,4.99,"[19858.0, 48783.4, 113494.1]",182135.5
GWQQCFVDINK,0.51,2.46,5.03,"[25476.6, 122510.9, 250618.5]",398606.0
RSTKPKPAAK,1.09,1.75,5.17,"[68097.0, 109527.0, 324066.3]",501690.3
YTREQVGCK,0.93,2.12,4.95,"[244291.2, 559209.8, 1305099.9]",2108600.9
QPTISSLAK,1.75,3.62,2.63,"[32477.3, 67312.7, 48799.5]",148589.5
AFEERHQAGK,1.02,1.92,5.05,"[104041.3, 195044.6, 513317.1]",812403.0
ETIRVVICGDEGVGK,0.59,1.88,5.53,"[4850.2, 15521.2, 45652.8]",66024.20000000001
GVVLDELK,1.14,1.76,5.11,"[6812.8, 10525.1, 30637.6]",47975.5
VASANATAAESDVAK,0.77,2.38,4.85,"[19133.6, 59224.1, 120960.7]",199318.4
HFIDELNK,0.97,2.11,4.91,"[161049.3, 349492.8, 812128.3]",1322670.4
YGEHSIEVPGAVK,0.62,1.98,5.4,"[3270.6, 10453.3, 28555.3]",42279.2
HNEVEEHVK,1.15,2.15,4.71,"[10713.3, 20055.9, 43970.4]",74739.6
EAIQERIEQIK,0.77,1.67,5.56,"[4875.9, 10603.4, 35200.3]",50679.600000000006
SIDTMIPLK,1.01,2.12,4.87,"[7872.9, 16418.2, 37762.6]",62053.7
GIIFIERK,4.63,2.79,0.58,"[26002.1, 15689.2, 3272.0]",44963.3
ETAESYLGAK,1.03,2.12,4.85,"[134471.3, 276942.5, 633197.5]",1044611.3
QREIEEAAAK,1.1,2.26,4.64,"[37752.7, 77736.2, 159449.8]",274938.69999999995
IHRDQLSVDQIK,0.7,2.49,4.8,"[6747.6, 23891.1, 46000.9]",76639.6
MVAEVDMK,1.11,1.98,4.92,"[72105.4, 128339.0, 319386.9]",519831.30000000005
SAVKPRPLK,1.13,1.09,5.78,"[2966.5, 2866.7, 15198.4]",21031.6
LLVSEVAK,1.02,1.75,5.22,"[5584.2, 9591.6, 28563.5]",43739.3
TAFVGITK,0.65,2.2,5.14,"[5730.6, 19286.4, 44993.3]",70010.3
ASRVLDEVVVDNFDQK,0.86,2.43,4.7,"[13135.9, 36969.6, 71397.8]",121503.3
YDSTHGRYAGEVSHDDK,1.26,2.31,4.44,"[258808.2, 474949.7, 913184.4]",1646942.3
GVFQGVHDSAEK,1.11,1.98,4.91,"[155981.8, 277413.6, 688234.6]",1121630.0
VNRGWFPQNFGRPLRDSHLRK,1.87,3.98,2.15,"[51604.9, 109728.4, 59441.7]",220775.0
SGDIVILGPREK,0.86,2.03,5.12,"[10225.1, 24183.2, 61076.5]",95484.8
LIGWYHSGPK,0.99,1.96,5.05,"[34094.2, 67449.9, 174150.1]",275694.2
AADALLLK,0.96,1.92,5.13,"[117611.2, 235528.2, 630466.0]",983605.4
ELAPEYAK,1.36,2.29,4.36,"[10437.6, 17622.3, 33543.1]",61603.0
ATTETSNLTDIVEFNGNNDHRK,1.47,1.95,4.58,"[9761.8, 12964.6, 30377.2]",53103.600000000006
VLEFHPFDPVSK,0.97,1.8,5.23,"[34579.5, 64397.3, 187289.3]",286266.1
QQLSVVEWHPK,0.85,1.77,5.38,"[12933.3, 26784.3, 81351.6]",121069.20000000001
LGLAPEGSK,0.91,2.18,4.91,"[21532.5, 51387.5, 115686.2]",188606.2
DDPHACYSTVFDK,0.35,2.69,4.96,"[16512.6, 127715.2, 235530.2]",379758.0
RGQYIPGLK,0.95,2.14,4.91,"[44549.4, 101088.9, 231453.0]",377091.3
ITFLEELYPK,1.24,2.11,4.65,"[62141.6, 105904.1, 233051.0]",401096.7
SGDAALVK,1.01,2.12,4.87,"[60267.2, 127326.8, 292074.1]",479668.1
FLRQYSHGK,0.99,2.18,4.83,"[3490.4, 7657.1, 16947.1]",28094.6
HLSHPNIVK,1.04,2.59,4.37,"[48197.4, 119995.7, 202553.4]",370746.5
LVLVGDGGTGK,1.19,2.18,4.63,"[32778.6, 59879.4, 127231.1]",219889.1
VISNPLLARK,0.87,1.56,5.57,"[11654.4, 20987.5, 74824.7]",107466.6
DDIMREYGEK,1.06,1.98,4.95,"[25831.7, 48082.3, 120133.6]",194047.6
TFTTAETITNANTAK,0.85,1.77,5.38,"[6945.9, 14370.0, 43701.8]",65017.700000000004
FIVDGQWLPSK,0.72,2.5,4.78,"[2004.7, 6906.0, 13232.1]",22142.800000000003
VEEQEQQQQQIIK,0.85,1.94,5.21,"[22828.8, 52248.8, 139946.4]",215024.0
HLEGISDADIAK,1.08,2.08,4.84,"[165425.3, 318669.3, 741543.3]",1225637.9
LGVDIIRK,0.89,2.24,4.87,"[24354.0, 61416.7, 133388.3]",219159.0
GIDLTNVTLPDTPTYSK,0.72,2.16,5.13,"[4296.6, 12933.9, 30778.5]",48009.0
GAFHLAQQGK,0.89,2.14,4.97,"[19808.2, 47819.9, 110778.0]",178406.1
EDGTPGGERYACK,1.07,1.96,4.97,"[36255.3, 66365.1, 167932.6]",270553.0
AGGECITLDQLAVRAPK,1.08,1.74,5.18,"[28734.9, 46148.0, 137303.2]",212186.1
FEFGIDEK,0.76,2.51,4.73,"[3482.9, 11537.7, 21705.1]",36725.7
ERTANLTHNK,1.22,2.0,4.79,"[9687.4, 15912.7, 38156.4]",63756.5
GEADPGVISVK,1.29,2.06,4.65,"[15496.3, 24794.7, 55954.0]",96245.0
IEFSIHCQEIAGLGK,0.93,2.09,4.98,"[51144.6, 115454.3, 274407.4]",441006.30000000005
ADWGCAEDPSGRYAK,1.03,1.51,5.46,"[4155.5, 6102.1, 22084.6]",32342.199999999997
SSDSFSTQRLK,1.21,2.21,4.57,"[26820.8, 48919.9, 100995.2]",176735.9
LLSGGHLK,1.02,2.48,4.5,"[44687.0, 108810.3, 197027.5]",350524.8
VVGANPAAIK,0.97,2.06,4.97,"[12186.8, 25933.4, 62402.8]",100523.0
EVHTNQDPLDVSASK,0.97,1.99,5.04,"[40845.6, 84380.9, 213218.9]",338445.4
NRIDILVTTPGK,0.93,2.33,4.74,"[2812.5, 7006.8, 14251.2]",24070.5
SQIDEVVLVGGSTRIPK,1.0,2.07,4.93,"[35003.3, 72371.8, 172351.0]",279726.1
GVIAFSSGNHAQAIALSAK,0.59,2.02,5.39,"[3700.4, 12688.9, 33851.3]",50240.600000000006
DRAQHAVILDQEK,0.98,1.93,5.09,"[96747.0, 189814.4, 501594.9]",788156.3
QANPSLAK,0.85,1.72,5.42,"[8620.9, 17458.6, 54921.8]",81001.3
QLSLWGADNDDDVSDVTDK,1.23,2.57,4.2,"[30237.3, 63477.5, 103512.1]",197226.90000000002
ELNYNRIAK,1.1,2.04,4.86,"[66760.4, 124228.2, 295796.9]",486785.5
QISSDTQFHK,1.65,3.58,2.77,"[32772.8, 71261.2, 55204.9]",159238.9
YICDNQDTISSK,0.58,2.48,4.95,"[157712.4, 678129.8, 1354677.9]",2190520.1
QMLTLQIK,0.73,2.7,4.57,"[60933.6, 224714.2, 380094.1]",665741.8999999999
LIIIAANTPVLRK,0.89,1.53,5.58,"[1916.4, 3285.1, 12009.8]",17211.3
VNVFLADMK,0.94,2.0,5.06,"[12290.9, 26177.0, 66303.5]",104771.4
ELSASLNLPAAASFK,1.15,2.16,4.69,"[5780.0, 10877.2, 23598.2]",40255.4
LHFDTAEPVK,0.92,2.21,4.87,"[199873.0, 480331.3, 1055781.6]",1735985.9000000001
HLVDEPQNLIK,0.68,2.34,4.98,"[81485.2, 280828.6, 597590.5]",959904.3
RATDVMLAGK,1.08,2.02,4.9,"[39240.0, 73379.0, 178342.3]",290961.3
DDFVNVAPSK,0.54,2.01,5.46,"[2808.7, 10511.3, 28556.4]",41876.4
LLTTIADAAK,1.01,2.09,4.9,"[345690.9, 715188.6, 1679271.1]",2740150.6
AAIDFYTK,0.94,2.11,4.95,"[17003.0, 38204.3, 89527.5]",144734.8
KPSIGGDK,1.54,1.95,4.51,"[27704.4, 34992.4, 81173.8]",143870.6
GRNVLIEQPFGPPK,1.49,2.05,4.46,"[11971.2, 16452.2, 35844.3]",64267.700000000004
AVSIETALEHK,0.66,2.02,5.31,"[17197.7, 52412.5, 137517.9]",207128.09999999998
GAHTIAVASTDEK,0.96,3.42,3.62,"[4034.3, 14398.8, 15239.8]",33672.899999999994
GDDEANGATSFDRTK,1.55,1.6,4.85,"[4484.7, 4603.8, 13989.7]",23078.2
GGNAPRPVK,1.2,2.15,4.65,"[27424.9, 49014.4, 105957.7]",182397.0
IAGYTTHLMK,1.01,2.18,4.81,"[202528.5, 438256.1, 967145.6]",1607930.2
GSNESTHMKPWYRRWFW,2.87,3.82,1.31,"[39796.6, 52997.5, 18163.9]",110958.0
SMIEYLEATGRGK,0.92,2.42,4.66,"[9950.0, 26323.1, 50662.1]",86935.2
SSTPSTYEHISSLRPK,0.77,2.5,4.74,"[6955.9, 22614.9, 42930.8]",72501.6
LLVQVRNK,1.0,2.24,4.76,"[52139.3, 117048.6, 248546.9]",417734.80000000005
LPVLQVSDLPK,1.19,1.97,4.84,"[12369.7, 20456.2, 50263.9]",83089.8
FEASQVTEK,0.99,2.1,4.91,"[229711.8, 489651.6, 1144487.3]",1863850.7
LSTSVGWK,0.92,2.02,5.06,"[55139.9, 120543.6, 301943.5]",477627.0
VNQIGTLSESIK,0.78,2.94,4.27,"[4472.4, 16808.9, 24420.5]",45701.8
IVVSVMVGK,3.65,3.39,0.95,"[87126.8, 80926.8, 22757.5]",190811.1
EHFDMLSK,1.08,2.11,4.81,"[19571.9, 38184.1, 86955.0]",144711.0
FFEPSRGEK,0.94,2.03,5.03,"[35857.6, 77345.0, 191460.5]",304663.1
REFIESLRPK,0.97,1.98,5.05,"[26557.9, 54269.3, 138526.9]",219354.1
AWSVARLSQK,0.81,2.29,4.91,"[22611.0, 64036.4, 137444.0]",224091.4
VEGEDVEMTDEGAK,0.89,1.81,5.3,"[11809.4, 23983.2, 70403.3]",106195.9
FLIDGFPRK,0.69,2.38,4.93,"[87902.8, 305227.0, 632040.4]",1025170.2
AISEGLVSRK,1.26,1.98,4.76,"[44946.1, 70978.9, 170262.4]",286187.4
LIGLSVEDVESHEK,0.86,2.87,4.27,"[3808.0, 12684.4, 18845.3]",35337.7
EQRRMHAK,2.81,4.85,0.35,"[12827.1, 22159.6, 1591.2]",36577.899999999994
EGLLFFADRK,1.06,2.02,4.92,"[107911.5, 205360.7, 499847.7]",813119.9
SDSSREVPELLK,1.04,2.06,4.91,"[33205.7, 65833.4, 157157.1]",256196.2
EDTVSWFK,0.89,2.04,5.08,"[64723.5, 148948.6, 371014.3]",584686.4
IALTNFTLPK,2.59,4.89,0.52,"[23245.9, 43886.8, 4683.7]",71816.40000000001
IVGEAITNHPK,0.98,2.02,5.0,"[36621.5, 75901.9, 187695.7]",300219.1
DELTNNPACK,0.93,2.26,4.81,"[16765.4, 40649.9, 86619.0]",144034.3
TCSSCGYPAAK,1.17,1.82,5.01,"[24215.9, 37869.4, 104145.9]",166231.2
LIREYVRYLVLK,0.79,4.16,3.05,"[1871.3, 9828.6, 7210.8]",18910.7
TNNPETLVALRK,0.87,2.26,4.87,"[44994.7, 116904.9, 252195.6]",414095.19999999995
GDTEESLK,0.95,2.1,4.95,"[62118.4, 137741.6, 324968.8]",524828.8
TQIFGQYRAGDANIWDLK,2.05,5.31,0.63,"[18453.9, 47701.5, 5696.5]",71851.9
GDAIHATSSSSISK,0.93,2.16,4.91,"[17779.4, 41318.7, 93957.8]",153055.9
LDVDELGDVAQK,0.89,2.35,4.76,"[12130.8, 31855.0, 64589.2]",108575.0
HTVATVGVPYK,0.93,2.19,4.88,"[79301.7, 187475.5, 417287.7]",684064.9
LYVSHIQVNQAPK,1.26,2.5,4.24,"[546153.0, 1082537.0, 1832135.9]",3460825.9
NSHLFPQRK,2.19,5.35,0.46,"[7669.2, 18696.4, 1614.5]",27980.100000000002
TICVPVRVEPK,0.66,1.97,5.38,"[2868.9, 8569.5, 23439.5]",34877.9
VVVFEDAPAGIAAGK,0.98,1.81,5.21,"[21705.0, 39850.8, 114847.7]",176403.5
LSRIGISSLEK,0.44,2.18,5.38,"[3012.2, 14940.3, 36815.6]",54768.1
GQIVGRYVVDTSK,1.06,2.22,4.72,"[94288.6, 197466.0, 420554.1]",712308.7
AGEIVLAARK,1.0,2.15,4.85,"[578000.6, 1236447.9, 2796083.1]",4610531.6
EYFEAANK,0.98,2.17,4.85,"[11226.3, 24841.3, 55653.3]",91720.9
SIEEAERAGNAGVK,0.97,2.11,4.92,"[126939.1, 275502.3, 641878.2]",1044319.6
LIEAFNEIAEDSEQFDK,1.04,2.23,4.73,"[4995.0, 10733.7, 22728.9]",38457.600000000006
GSYVGIHSTGFK,0.89,2.11,5.0,"[10965.6, 25836.7, 61369.3]",98171.6
TGETTLLSMSK,0.71,2.12,5.17,"[3266.2, 9773.5, 23873.0]",36912.7
YESSPSHIELVVTEK,1.04,2.39,4.57,"[11837.2, 27144.6, 52007.1]",90988.9
VLEQLSGQTPVQSK,0.96,2.04,5.0,"[75722.0, 160578.1, 394388.1]",630688.2
LQETNPEEVPK,0.93,2.0,5.08,"[61447.3, 132583.2, 336999.7]",531030.2
GADSSTFTK,1.12,2.24,4.64,"[21949.4, 44054.9, 91287.0]",157291.3
RYQECLNK,2.09,2.7,3.21,"[12801.3, 16506.9, 19607.6]",48915.8
VMPAIVVRQAK,1.06,1.9,5.04,"[102281.6, 183603.1, 486424.1]",772308.8
RLHGVSFK,0.96,2.06,4.98,"[139902.9, 300573.3, 726719.9]",1167196.1
ADDHASVQINVAK,1.16,2.37,4.47,"[43481.7, 88781.4, 167801.9]",300065.0
TGTLTTSETAHNMK,0.8,2.22,4.98,"[43640.2, 121099.7, 272189.1]",436929.0
EAAARHLTGLK,1.17,1.86,4.96,"[30375.6, 48278.2, 128577.7]",207231.5
FLDGIYVSHK,1.25,2.56,4.19,"[96196.4, 197656.1, 323448.2]",617300.7
ASMIISGSRDK,1.26,2.33,4.41,"[92571.9, 171754.7, 324359.6]",588686.2
APLEFERK,0.77,2.16,5.07,"[2303.6, 6494.8, 15202.8]",24001.199999999997
FVYQGETVSK,0.96,2.36,4.68,"[21518.8, 53164.0, 105357.7]",180040.5
VDDAIELALK,0.67,2.16,5.16,"[2838.1, 9150.0, 21830.6]",33818.7
ISLPEALRK,0.95,1.78,5.27,"[6798.8, 12776.8, 37859.9]",57435.5
VSSASAAASESDVAK,1.19,2.19,4.62,"[56016.6, 103336.2, 217699.6]",377052.4
AVAEAIQAK,0.95,2.14,4.91,"[135343.0, 304664.5, 698872.7]",1138880.2
ANELLINVK,0.97,2.14,4.89,"[73197.6, 161208.7, 368558.0]",602964.3
EATERQLK,0.17,3.17,4.67,"[30159.4, 572130.2, 843707.6]",1445997.2
YSLAPVAK,0.92,2.08,5.0,"[59361.1, 133300.2, 320969.4]",513630.70000000007
QTNFLQDMMSGFLGGSK,1.41,2.21,4.38,"[3263.5, 5100.0, 10128.1]",18491.6
SLAPEVHQQISK,0.54,2.64,4.81,"[2995.1, 14623.1, 26633.4]",44251.600000000006
TGHIAADGSVYNK,0.97,2.25,4.77,"[77232.6, 178991.7, 379140.0]",635364.3
IHEGLAEIK,2.02,5.78,0.2,"[27297.1, 78155.5, 2746.7]",108199.3
YFTHNGNFGESPNHVK,0.91,2.72,4.37,"[2625.5, 7877.3, 12635.5]",23138.3
EVGITAVHVK,1.04,2.24,4.72,"[60056.2, 128604.5, 271544.3]",460205.0
ETTDELYNIIVK,1.99,0.83,5.18,"[49205.3, 20513.1, 128406.8]",198125.2
AEQVFQNVK,1.16,2.08,4.76,"[48475.5, 87273.0, 199208.6]",334957.1
SEGETEPPQPAESK,1.06,2.05,4.88,"[10273.5, 19904.2, 47317.1]",77494.8
LAAEDYIGSAVK,0.99,1.97,5.05,"[7914.4, 15744.8, 40393.2]",64052.399999999994
EEIANAERQK,1.06,2.17,4.77,"[28041.4, 57642.8, 126670.0]",212354.2
AADEAFAK,0.59,2.06,5.35,"[1747.1, 6137.9, 15937.4]",23822.4
IIGRIHQAQVK,1.12,2.0,4.88,"[32653.0, 58195.3, 142044.2]",232892.5
LDVDEVSDVAQK,1.11,2.15,4.73,"[38058.2, 73543.7, 161638.5]",273240.4
IGPQGALLGCDAAGQIVK,1.05,1.24,5.71,"[3420.1, 4040.9, 18623.9]",26084.9
TAVVDGVFDEVSLDK,0.91,2.44,4.65,"[9525.4, 25426.8, 48460.7]",83412.9
EFLSLDLAAK,0.87,2.12,5.01,"[13835.1, 33549.5, 79451.6]",126836.20000000001
ELESQREELMK,1.61,4.57,1.82,"[2903.5, 8211.6, 3273.8]",14388.900000000001
IGLDCASSEFFK,0.91,2.15,4.94,"[44639.6, 105880.9, 243349.7]",393870.2
AVEFAQQVQQSLPK,0.84,1.88,5.27,"[11736.8, 26234.3, 73479.2]",111450.29999999999
QQINEVNK,2.3,4.02,1.68,"[14607.5, 25503.2, 10663.1]",50773.799999999996
GSMADVPK,0.99,2.26,4.75,"[25297.1, 57460.2, 120723.9]",203481.19999999998
AHGLSPEDPGLK,4.67,1.09,2.24,"[21922.1, 5110.7, 10482.7]",37515.5
RFAFRCHRLNLK,0.49,2.61,4.9,"[4629.9, 24664.8, 46269.2]",75563.9
LVSTIDANFADK,0.8,1.24,5.96,"[1692.1, 2602.7, 12560.9]",16855.699999999997
NEDLSDIK,1.06,2.46,4.48,"[7415.2, 17311.2, 31464.2]",56190.600000000006
TVDGPSHK,1.11,2.0,4.88,"[95783.2, 172327.1, 419770.8]",687881.1
RIVEEPTSK,2.76,0.52,4.73,"[9112.9, 1710.0, 15626.2]",26449.1
SALEHNEVK,0.96,2.39,4.65,"[78882.7, 195542.0, 381117.2]",655541.9
LIQSLPPTLK,0.97,1.98,5.05,"[73283.4, 149650.9, 381689.0]",604623.3
NQAALNPRNTVFDAK,1.1,2.04,4.86,"[20694.5, 38436.7, 91308.6]",150439.8
QLLLSPGK,0.75,2.19,5.06,"[1931.1, 5615.4, 12998.5]",20545.0
DAIETAAISQDPK,1.24,1.58,5.19,"[7910.5, 10096.1, 33208.0]",51214.6
SVPPIPADQAAK,1.48,2.16,4.36,"[8748.3, 12748.3, 25801.8]",47298.399999999994
IRESFVRK,0.76,4.58,2.66,"[2544.4, 15298.9, 8885.0]",26728.3
AYLETEIK,0.94,2.09,4.97,"[14848.3, 33073.2, 78797.1]",126718.6
AEFVEVTK,0.55,2.47,4.98,"[174815.8, 781428.7, 1575366.3]",2531610.8
HVVNVQNPPK,0.89,2.08,5.03,"[22481.3, 52647.0, 126967.3]",202095.6
AAGANVDNVWADVYAK,0.41,2.55,5.04,"[2452.3, 15266.9, 30100.7]",47819.9
TKPSIPPK,1.06,1.87,5.07,"[32544.7, 57277.0, 155056.7]",244878.40000000002
ALSLEDGK,0.69,2.34,4.96,"[4924.2, 16658.8, 35278.5]",56861.5
ERQSLLEK,0.89,2.33,4.78,"[35874.8, 94037.0, 193141.2]",323053.0
LVLVRHGQSEWNEK,1.2,2.55,4.25,"[6795.3, 14471.6, 24134.3]",45401.2
ELIAIVSK,1.19,1.56,5.26,"[9888.7, 12973.5, 43841.6]",66703.8
YDADVLDK,1.07,2.17,4.75,"[116244.4, 235184.2, 513931.1]",865359.7
TADNARLVK,0.92,2.02,5.05,"[76456.8, 167338.1, 417712.6]",661507.5
HIIIDGVK,1.15,2.11,4.74,"[104106.4, 190757.0, 428845.3]",723708.7
QIVQIEQAPK,0.64,2.3,5.06,"[3357.2, 12014.7, 26396.8]",41768.7
GSDNVISIK,0.86,2.09,5.05,"[39665.5, 95873.8, 231865.9]",367405.19999999995
DSYVGDEAQSK,0.82,2.22,4.96,"[51333.1, 138821.8, 310591.5]",500746.4
TTLLHMLK,1.21,1.51,5.28,"[6222.7, 7773.7, 27167.1]",41163.5
AAGSYYVEAQHK,1.17,2.08,4.75,"[60375.3, 107783.5, 245704.2]",413863.0
RFYGENHLK,0.7,1.46,5.84,"[3205.3, 6650.9, 26582.6]",36438.8
GVIFYESHGK,0.95,2.14,4.9,"[621228.4, 1396061.6, 3191470.6]",5208760.6
SLHTLFGDELCK,0.78,2.54,4.68,"[24592.9, 79687.1, 147090.9]",251370.9
TWETYEMRIHK,1.23,1.95,4.82,"[16351.7, 26018.1, 64219.6]",106589.4
FINSEIEK,0.95,2.42,4.63,"[17750.7, 44983.9, 86244.2]",148978.8
ADDDSVTIISAGNDK,0.7,1.77,5.53,"[6382.3, 16254.9, 50721.5]",73358.7
WPEYVRVQRQK,1.91,1.35,4.74,"[3517.1, 2485.0, 8716.5]",14718.6
ITSSQVREHVK,0.89,2.05,5.07,"[80506.1, 185599.8, 459267.6]",725373.5
LSNPSGGWGVPRK,0.88,1.75,5.37,"[38008.5, 75444.4, 231199.4]",344652.3
MEEQREILEQLK,1.0,2.22,4.79,"[13710.0, 30521.6, 65971.2]",110202.79999999999
YNHVQTSTQK,1.5,1.85,4.66,"[1807.2, 2232.5, 5622.9]",9662.599999999999
RINNYEFK,1.17,2.23,4.6,"[26927.4, 51358.6, 105936.7]",184222.7
EVTRVVGANPAAIK,1.14,2.38,4.48,"[292967.9, 610082.0, 1150937.9]",2053987.7999999998
AETFHEMEK,0.87,2.2,4.93,"[5861.4, 14729.2, 33034.9]",53625.5
GDASPIVK,0.78,2.09,5.13,"[2769.4, 7471.9, 18317.4]",28558.7
IDRISPGDGATFPK,0.89,2.17,4.94,"[50170.1, 121703.2, 277038.6]",448911.89999999997
TLELPIPK,1.01,2.24,4.75,"[9743.8, 21716.1, 46036.0]",77495.9
QFVVDVLHPNRANVSK,1.01,1.77,5.22,"[20147.5, 35088.5, 103600.0]",158836.0
LVEGSIADK,0.97,2.06,4.97,"[28569.0, 60458.4, 146142.4]",235169.8
QIIENAGEEGSVIIGK,0.84,2.05,5.11,"[11055.8, 27134.4, 67668.2]",105858.4
RVNNPNVSLIK,0.99,2.0,5.01,"[145252.1, 294463.4, 735894.3]",1175609.8
SIREIDVTGGK,0.88,2.19,4.94,"[190921.1, 477342.6, 1077111.2]",1745374.9
VAVVAGYGDVGK,0.85,2.32,4.83,"[26264.3, 71386.6, 148981.4]",246632.3
ELQSLLGK,1.07,2.08,4.84,"[931774.2, 1808544.7, 4204557.7]",6944876.6
RLAASVVGVGK,0.9,2.0,5.1,"[121772.6, 272478.1, 694121.5]",1088372.2
LVELTLSLPK,0.43,2.29,5.28,"[1606.5, 8463.6, 19547.7]",29617.800000000003
EHTDGHIPASK,0.71,1.98,5.31,"[3506.5, 9830.2, 26379.6]",39716.3
TQFTDIDK,1.14,2.46,4.4,"[10772.8, 23142.0, 41382.5]",75297.3
QAEDHRLLICGPPK,0.78,2.22,5.0,"[4090.0, 11708.4, 26366.0]",42164.4
DISIIPFK,0.62,2.28,5.1,"[2129.4, 7827.3, 17491.6]",27448.3
SNIPIHEYK,0.8,2.36,4.84,"[2000.7, 5925.5, 12150.4]",20076.6
LFEQEGVSK,0.99,2.25,4.76,"[82605.4, 188392.7, 397906.0]",668904.1
TAGIQIVADDLTVTNPK,0.85,1.97,5.17,"[46353.8, 107014.9, 280930.5]",434299.2
IIVDAYGGASSVGGGAFSGK,0.91,1.56,5.53,"[1690.9, 2906.0, 10298.9]",14895.8
VEVIGGSK,0.17,2.76,5.07,"[7587.2, 122320.9, 224239.0]",354147.1
SEHQVELICSYRSK,0.51,1.46,6.02,"[4255.3, 12082.4, 49788.0]",66125.7
ILLRPDEK,1.06,2.06,4.88,"[88063.5, 170771.2, 405657.0]",664491.7
RHLTGEFEK,0.93,2.34,4.73,"[6653.7, 16747.5, 33827.5]",57228.7
SYNIDTNK,1.08,2.27,4.65,"[25165.8, 52974.1, 108719.1]",186859.0
AQALRDSSMSSYMSSK,1.74,0.96,5.3,"[3536.5, 1942.8, 10771.9]",16251.2
SEQQLQRLEK,1.13,2.13,4.75,"[30888.0, 58415.0, 130319.9]",219622.9
NEATPEAEQVK,0.9,2.14,4.97,"[72968.1, 174207.3, 404414.9]",651590.3
GGNVDVTLRIHRNHSFSK,2.32,4.07,1.61,"[25707.5, 45122.9, 17888.1]",88718.5
FGRHAGNLNMK,1.18,2.01,4.81,"[31936.5, 54092.5, 129771.7]",215800.7
AAAALAGGK,1.09,2.14,4.77,"[22626.0, 44274.0, 98906.5]",165806.5
IIVVASRK,0.9,2.12,4.98,"[87504.8, 205152.6, 482637.3]",775294.7
NPLTHSTPK,1.09,2.39,4.51,"[51545.3, 113069.9, 213161.8]",377777.0
DAEDNEVIK,0.99,1.58,5.42,"[2137.1, 3410.3, 11672.7]",17220.1
QEYDESGPSIVHHK,1.1,2.04,4.86,"[45441.2, 84022.6, 199863.6]",329327.4
HIDELDDHEK,0.81,1.88,5.31,"[26208.1, 60348.9, 170882.0]",257439.0
STELLIRK,0.68,1.86,5.46,"[232486.2, 640761.0, 1875970.3]",2749217.5
TVISQSLSK,1.18,2.25,4.57,"[96273.8, 183273.3, 373193.2]",652740.3
LRDDLERLK,1.04,2.96,4.0,"[44020.3, 125722.0, 170015.9]",339758.19999999995
QSVIPSIIPK,0.98,3.12,3.91,"[3279.3, 10457.5, 13111.8]",26848.6
TFLVANVK,0.93,2.23,4.83,"[115091.2, 275101.4, 595536.0]",985728.6000000001
QAATPEFK,0.71,1.96,5.32,"[8110.1, 22276.5, 60436.7]",90823.29999999999
EYGVSRGVDFK,0.69,2.3,5.01,"[3828.8, 12802.8, 27941.5]",44573.1
MVNQAEEFK,0.85,2.2,4.96,"[85161.8, 221059.9, 499259.0]",805480.7
HHPENEASIK,2.11,1.06,4.83,"[33811.4, 16938.5, 77307.3]",128057.20000000001
QLNGGELEIK,1.34,3.28,3.38,"[91994.4, 225547.3, 232405.2]",549946.8999999999
RNSQDGNFK,1.41,2.2,4.39,"[12358.6, 19201.0, 38333.4]",69893.0
TLVATAINFNPTSPLLWFK,1.53,1.89,4.58,"[5532.4, 6846.3, 16538.1]",28916.8
VALTVLSHSK,0.88,2.23,4.89,"[34063.0, 86763.6, 190188.4]",311015.0
HFAALSTNETEVAK,1.1,2.13,4.77,"[149152.0, 289650.2, 649551.1]",1088353.3
ERQTLILGK,0.91,2.52,4.57,"[20611.9, 57227.4, 103726.5]",181565.8
ASTISRGAVSGQK,1.13,2.1,4.77,"[225838.8, 420053.2, 955913.8]",1601805.8
AHNINVVDK,1.03,2.09,4.89,"[172526.3, 350189.5, 819838.7]",1342554.5
ALLPHLTNAIVETNK,1.27,1.35,5.38,"[2619.6, 2786.3, 11088.2]",16494.1
VGFVISRGEGK,0.88,2.03,5.09,"[87616.6, 202756.3, 508544.7]",798917.6000000001
DYELAINK,0.81,1.48,5.71,"[4110.3, 7561.3, 29163.1]",40834.7
AVSPGRVRK,3.11,1.74,3.15,"[3180.7, 1780.3, 3220.2]",8181.2
LAESSIGEAREEK,1.06,2.16,4.78,"[38527.4, 78070.3, 173161.4]",289759.1
EADYFGDADK,0.86,1.79,5.36,"[7726.9, 16070.6, 48190.4]",71987.9
SPIILQTSNGGAAYFAGK,0.94,1.63,5.43,"[13461.2, 23335.3, 77823.0]",114619.5
VTQMTPAPK,0.99,2.12,4.88,"[133934.0, 286136.8, 657740.2]",1077811.0
VIIITSSAK,1.23,1.82,4.94,"[15119.2, 22398.2, 60715.1]",98232.5
GVVRNNYIGPGPPK,0.85,2.41,4.74,"[31619.9, 89446.9, 175719.9]",296786.69999999995
ELLESPNNK,0.82,2.21,4.97,"[11030.5, 29849.6, 66938.7]",107818.79999999999
AFETLTDSNK,1.35,2.18,4.47,"[48500.5, 77973.5, 160216.4]",286690.4
ELDTAIQENISK,0.42,1.45,6.13,"[19961.8, 69151.8, 292496.8]",381610.4
MGVPYAIIK,0.92,2.08,5.0,"[5066.3, 11393.8, 27464.1]",43924.2
ILHAQDPK,1.1,2.17,4.73,"[107268.2, 211050.5, 459752.4]",778071.1000000001
RIHFDFDDLSIK,2.31,3.12,2.57,"[37300.6, 50255.4, 41475.7]",129031.7
LIPRNSTIPTK,0.95,1.89,5.16,"[65242.0, 130186.5, 355018.8]",550447.3
LREYLEEYK,0.88,2.01,5.11,"[95694.0, 217931.2, 555371.8]",868997.0
VIAIDINDPLAPK,1.08,1.92,5.0,"[14583.0, 25808.3, 67308.1]",107699.40000000001
GNNTANATNSANTVQK,1.4,1.64,4.96,"[19485.2, 22898.4, 69278.1]",111661.70000000001
KPRQNSENIK,0.92,3.99,3.08,"[2139.2, 9262.3, 7147.3]",18548.8
TVEEQHAQLQAK,0.96,2.16,4.88,"[10284.3, 23042.6, 52164.7]",85491.59999999999
VYSPQRRTMTTSPHRAK,1.12,1.8,5.08,"[5862.8, 9412.5, 26510.4]",41785.7
AITYSHAAK,1.48,2.67,3.84,"[32827.0, 59175.0, 85118.1]",177120.1
ISPLLHIK,2.57,2.31,3.12,"[2248.7, 2027.1, 2736.5]",7012.299999999999
LGAEIVIPK,1.65,3.61,2.74,"[6567.1, 14390.3, 10917.4]",31874.800000000003
GLEESHPNVK,1.13,2.44,4.43,"[33796.5, 73057.3, 132397.9]",239251.7
EIRRGNVCGDAK,2.6,1.76,3.64,"[57411.7, 38943.7, 80590.7]",176946.09999999998
GTVRFHHK,1.62,4.49,1.89,"[102444.3, 284640.7, 119506.9]",506591.9
FELGRQPANTK,1.02,2.11,4.87,"[150029.3, 312257.3, 719428.0]",1181714.6
VVYEAHNVK,0.93,2.22,4.85,"[56062.9, 134620.9, 293693.3]",484377.1
AYGEGEEHEPVVEIPK,0.89,2.11,5.0,"[68147.5, 161156.1, 381216.0]",610519.6
GCEVVVSGK,1.14,2.21,4.66,"[45135.8, 87641.3, 185061.2]",317838.30000000005
IGIVEISPK,0.91,2.11,4.98,"[56244.0, 131063.9, 308693.1]",496001.0
HFIQGGSFGNREEFINK,0.81,1.54,5.65,"[3836.5, 7346.7, 26902.6]",38085.8
SVDELITEGNEK,1.06,2.61,4.33,"[40815.9, 100135.8, 166564.4]",307516.1
GRFQTPAEK,1.18,1.47,5.35,"[9310.0, 11539.9, 42107.6]",62957.5
STLEPVEQVLK,0.84,2.11,5.06,"[129431.1, 326860.4, 783395.4]",1239686.9
QLEDGRTLSDYNIQK,1.0,2.06,4.94,"[45311.6, 93175.6, 223095.2]",361582.4
YANEVRSQVFAQHPDK,0.75,1.01,6.24,"[3358.8, 4545.4, 27976.7]",35880.9
HVVFGEVIQGK,0.95,2.03,5.03,"[16762.1, 35853.7, 88924.8]",141540.6
SSAAGNTVIIGGGDTATVAK,0.81,1.86,5.33,"[13085.4, 29998.2, 86030.2]",129113.79999999999
VNGASVPINLHPSK,0.55,2.4,5.05,"[11301.4, 49675.6, 104274.0]",165251.0
IDHTIAWAK,1.1,2.02,4.88,"[27185.4, 49738.6, 120188.1]",197112.1
RTLSGTDQTSMK,1.15,3.06,3.79,"[131531.2, 350150.6, 433598.7]",915280.5
IRITLTSTK,0.97,1.87,5.16,"[142332.3, 275743.1, 760148.2]",1178223.5999999999
AAIEDGWVPGK,0.91,2.09,5.0,"[8915.3, 20378.1, 48709.4]",78002.8
DIVGAVLK,0.91,2.06,5.04,"[666752.5, 1513392.4, 3704777.1]",5884922.0
HGHEELTQAK,0.94,2.11,4.95,"[24021.5, 54115.8, 126788.4]",204925.7
HIDVTFTK,1.12,2.14,4.74,"[55339.1, 105692.0, 234348.6]",395379.7
HSLSQAIK,1.02,2.06,4.92,"[41977.4, 84739.6, 202353.0]",329070.0
AAELDVLNDPK,0.44,2.15,5.41,"[3266.8, 15778.3, 39745.4]",58790.5
EYEATLEECCAK,0.72,1.97,5.31,"[5259.5, 14302.4, 38522.6]",58084.5
ETAPVIDTLAAGYGK,0.35,2.07,5.59,"[1897.8, 11286.5, 30498.0]",43682.3
TCSDLLLVK,0.61,1.46,5.93,"[4334.8, 10326.5, 42011.1]",56672.399999999994
SVIDNARK,1.06,2.19,4.75,"[171278.4, 353782.3, 767504.9]",1292565.6
TFTNYDGSK,1.27,1.97,4.76,"[150790.6, 234476.9, 565071.5]",950339.0
HLTSLVQDYPFIQVLKPVEK,2.68,4.64,0.68,"[49193.2, 85244.6, 12461.6]",146899.4
FALIAGYGK,1.1,1.61,5.29,"[13686.4, 20180.7, 66109.9]",99977.0
EAFERLIK,0.75,2.38,4.87,"[11593.9, 36923.8, 75677.5]",124195.20000000001
AGEARFTDTRK,1.2,1.87,4.93,"[83389.5, 130197.8, 343883.3]",557470.6
QLSEDSHHLQSNNDNFSK,0.6,2.34,5.06,"[3420.4, 13452.2, 29029.3]",45901.9
ISQVDESRGFK,1.18,2.43,4.39,"[48034.1, 98921.2, 179011.2]",325966.5
EIANLPEVK,0.97,2.22,4.81,"[41745.6, 95316.5, 207119.0]",344181.1
NAILYRPK,1.2,2.5,4.31,"[55886.5, 116419.5, 200821.9]",373127.9
VETTPISIRTHANK,0.71,2.13,5.16,"[16761.0, 50240.7, 121531.4]",188533.09999999998
AQNPMRDLK,1.03,1.67,5.3,"[20886.9, 33973.1, 107851.9]",162711.9
TLPVLPEARK,0.61,2.12,5.27,"[14903.2, 52109.8, 129515.2]",196528.2
GSTANMSLGGGK,1.24,1.9,4.86,"[11247.9, 17286.1, 44111.8]",72645.8
EDHILDVK,0.87,2.11,5.02,"[12471.0, 30071.2, 71520.1]",114062.3
AHLAEIQLNGGSISEK,0.81,2.88,4.31,"[4248.9, 15120.0, 22597.2]",41966.100000000006
AVFFGSHTPK,1.13,2.37,4.5,"[23593.5, 49697.5, 94245.2]",167536.2
RRMNPGPSVQ,0.4,7.54,0.06,"[14587.0, 276478.7, 2301.7]",293367.4
HALIVYDDLSK,0.37,2.32,5.31,"[3331.2, 20848.6, 47788.9]",71968.7
SVDSAMDAVDK,0.93,1.96,5.11,"[7525.4, 15812.5, 41240.4]",64578.3
ALLDEVVK,1.0,1.94,5.06,"[128262.4, 250168.8, 651105.5]",1029536.7
IGDILSGRLK,1.0,2.1,4.89,"[27199.3, 56976.7, 132397.5]",216573.5
ISSEMEFRPSLTCRNRWRK,0.99,1.8,5.21,"[22589.2, 40981.1, 118535.4]",182105.7
DPTERVPRGEHK,2.03,2.02,3.95,"[13794.7, 13692.4, 26874.6]",54361.7
DLGTIVEGK,1.14,1.58,5.28,"[5190.7, 7204.9, 24067.5]",36463.1
IGPLGLSPK,1.06,2.12,4.81,"[41273.5, 82288.6, 186569.1]",310131.2
ENNLIDRPNGK,1.67,5.17,1.16,"[3152.5, 9730.6, 2177.2]",15060.3
EACFAVEGPK,1.16,1.63,5.2,"[7871.5, 11045.5, 35220.4]",54137.4
GVATDLSHIPTNSVVK,1.4,1.48,5.12,"[5566.7, 5858.7, 20337.1]",31762.5
LAVLSYYK,1.1,1.93,4.97,"[9979.0, 17462.1, 45085.1]",72526.2
QTEIAQHIFTK,0.83,2.21,4.96,"[88845.1, 236623.4, 531002.5]",856471.0
DLVNIEPIRK,0.93,1.35,5.72,"[5918.6, 8562.5, 36221.9]",50703.0
QIVHDSGRGAPLAK,1.36,2.21,4.43,"[95792.4, 155997.9, 312565.1]",564355.3999999999
IVSNASCTTNCLAPLAK,0.88,2.0,5.12,"[45638.4, 104041.1, 266295.0]",415974.5
HGIDVSDNNK,0.96,2.18,4.86,"[68987.1, 155732.3, 347627.4]",572346.8
AEQVIQNIK,0.64,2.05,5.31,"[3734.3, 12057.6, 31250.6]",47042.5
ANDIGFHK,1.24,2.22,4.54,"[106365.9, 190954.5, 389503.3]",686823.7
VVDPFTRK,0.95,2.04,5.02,"[92193.7, 197768.4, 487158.2]",777120.3
QLENVSSNIVK,1.22,2.1,4.68,"[30468.3, 52349.6, 116920.4]",199738.3
QDLPEAMSAAEITEK,1.04,2.45,4.52,"[4924.5, 11603.7, 21432.7]",37960.9
TYTTRQIGAK,1.0,2.36,4.64,"[34226.2, 81142.6, 159462.6]",274831.4
KPSHSHFSK,1.27,3.15,3.58,"[20697.6, 51187.7, 58256.1]",130141.4
GDIPGVRFK,0.99,1.94,5.07,"[86468.0, 169481.9, 443101.5]",699051.4
YYVPAYRRK,0.62,3.34,4.04,"[1990.4, 10764.3, 13035.6]",25790.3
STSGNTHLGGQDFDTNLLEHFK,1.04,1.26,5.7,"[3384.7, 4110.9, 18568.5]",26064.1
SAHPARFSPDDK,0.84,2.24,4.92,"[17604.8, 46961.7, 102885.7]",167452.2
GSTHYALAQTK,1.83,3.15,3.02,"[18973.8, 32642.7, 31274.2]",82890.7
ALIERYYPK,0.96,1.98,5.06,"[76967.1, 158959.4, 406341.9]",642268.4
NHDEIVNDPK,1.32,2.94,3.74,"[83290.4, 185875.1, 235879.4]",505044.9
THYMSGGTQK,0.97,2.08,4.95,"[24540.5, 52693.3, 125178.7]",202412.5
HALHGTAK,0.91,2.11,4.98,"[14227.6, 33135.8, 78033.7]",125397.1
AEGATGGLVPHK,0.95,2.36,4.69,"[155644.1, 388265.2, 771368.5]",1315277.8
TVIFTHGVEPTVVVSSK,1.02,1.16,5.82,"[4770.6, 5463.1, 27307.8]",37541.5
HQDVRRRK,1.26,2.56,4.18,"[94192.0, 192206.0, 313547.5]",599945.5
TAILSVYDK,0.74,1.46,5.8,"[3558.1, 7063.8, 28023.7]",38645.6
ITDEIAHLK,0.97,1.97,5.05,"[46180.5, 93530.7, 239396.9]",379108.1
RIGQEVDGEAVGDEFK,0.63,2.14,5.23,"[7371.9, 25083.2, 61145.1]",93600.2
AGAEIVPK,0.8,2.15,5.05,"[30169.1, 81555.9, 191255.2]",302980.2
MIAPMIEK,1.09,2.06,4.84,"[54229.1, 102244.2, 239865.2]",396338.5
LVVLGAGGVGK,0.46,2.67,4.87,"[1902.7, 10943.8, 19982.2]",32828.7
RVVDPFTRK,1.32,3.58,3.1,"[13800.3, 37282.5, 32296.7]",83379.5
CCSDVFNQVVK,1.14,1.79,5.07,"[9579.7, 14997.4, 42450.1]",67027.2
QPGMEDLK,0.5,2.23,5.27,"[3465.9, 15459.8, 36488.8]",55414.5
VYAIEATCHAPK,0.87,2.4,4.73,"[21674.9, 60135.2, 118425.8]",200235.90000000002
MEEHMSTLGHDMSALQDK,0.43,2.95,4.63,"[27310.4, 188555.2, 295818.5]",511684.1
VYYFQGGNNELGTAVGK,1.04,2.22,4.74,"[17898.2, 38444.2, 81936.4]",138278.8
EGERLVGIPAK,1.04,2.13,4.83,"[84647.3, 172518.8, 391842.5]",649008.6
AETAAQDVQQK,0.96,2.3,4.75,"[44450.0, 106348.5, 219882.0]",370680.5
THEPNPYPHK,0.77,2.01,5.22,"[4597.7, 12092.0, 31341.6]",48031.3
DIPVPKPK,0.92,2.14,4.93,"[26235.3, 60932.6, 140114.1]",227282.0
SASEYDSALASGDK,0.85,1.92,5.23,"[27221.1, 61678.4, 167507.1]",256406.6
HGAVHLSTYLK,0.79,2.0,5.21,"[16516.6, 42085.3, 109401.7]",168003.6
LLTSVPGSK,3.79,0.9,3.31,"[8567.2, 2024.8, 7474.7]",18066.7
SLNHPENEPSSVK,0.74,2.2,5.05,"[21705.1, 64183.8, 147386.0]",233274.9
LLSQAKPK,0.67,0.84,6.48,"[1418.9, 1771.0, 13635.2]",16825.100000000002
LAGEFGLK,1.04,1.96,5.0,"[24838.5, 46918.0, 119342.1]",191098.6
VVFRDPYK,1.03,2.02,4.95,"[601030.4, 1172657.3, 2875306.7]",4648994.4
RNDAIINQSTFK,0.98,1.99,5.03,"[79821.8, 161005.6, 407548.1]",648375.5
MVGNRYLEK,0.94,2.09,4.97,"[337353.6, 747736.1, 1782788.9]",2867878.5999999996
QRVPLSDNAIIEANLGK,0.83,1.7,5.47,"[14873.8, 30297.8, 97778.7]",142950.3
QLNASLADK,0.9,2.09,5.01,"[30219.2, 70334.5, 168677.7]",269231.4
ATNIAHVCGLQDK,1.05,2.66,4.29,"[32122.9, 81301.1, 131285.8]",244709.8
EIEERFEQNDK,1.08,2.33,4.59,"[80879.6, 174193.9, 344104.3]",599177.8
DYETHRVATTGEWDK,0.45,1.98,5.58,"[4431.2, 19656.4, 55512.3]",79599.90000000001
GPVRGISFK,1.01,1.97,5.02,"[682044.2, 1329387.2, 3389120.2]",5400551.6
SDPIRTKPK,1.8,4.48,1.72,"[56926.8, 141407.4, 54183.4]",252517.6
LVAETEDRK,1.02,1.92,5.06,"[453640.3, 851210.9, 2247869.0]",3552720.2
AGSSAGANK,0.77,1.83,5.4,"[14926.8, 35206.9, 104115.8]",154249.5
VIARNPQK,0.85,2.02,5.13,"[49329.0, 117278.0, 297007.6]",463614.6
CGHTNQLRPK,0.92,1.64,5.44,"[13231.8, 23453.3, 77993.5]",114678.6
RLCDEIATIQSK,0.84,2.12,5.04,"[13956.8, 35012.5, 83401.0]",132370.3
EHAEHREHLK,0.56,1.73,5.71,"[6148.1, 19138.5, 63026.5]",88313.1
EYQTQVLK,1.06,2.19,4.74,"[36618.6, 75764.3, 163803.6]",276186.5
LVSSSGIK,1.86,4.25,1.88,"[16542.4, 37740.2, 16707.5]",70990.1
YALNGREVK,0.94,2.13,4.93,"[99883.2, 226399.7, 523020.2]",849303.1000000001
VISEILTK,0.81,2.13,5.06,"[19841.3, 52408.4, 124490.7]",196740.4
NFIRSIIVIIVVSIAYFGSDNLDK,2.27,5.19,0.54,"[43226.4, 98867.5, 10208.6]",152302.5
AEEILERGLK,1.03,2.08,4.89,"[589836.3, 1187899.0, 2793928.3]",4571663.6
GCIPGNRK,1.09,2.16,4.75,"[74962.2, 148598.0, 326071.6]",549631.8
TLHSQMMSK,1.51,2.21,4.28,"[11625.5, 17068.2, 32970.2]",61663.899999999994
DELERVAK,1.14,2.12,4.74,"[54080.6, 100235.8, 224133.7]",378450.1
AAIRDVRQYISDK,0.79,1.89,5.32,"[3037.7, 7292.7, 20497.4]",30827.800000000003
DILGDQVEK,1.0,2.08,4.92,"[17184.1, 35680.8, 84269.3]",137134.2
HDVTDFDSK,0.98,1.97,5.05,"[56061.7, 112514.1, 289087.7]",457663.5
ILGRYVVDTSK,0.84,2.12,5.04,"[54676.6, 138775.6, 329388.2]",522840.4
GENYQLVK,1.02,1.93,5.04,"[7759.8, 14662.5, 38240.9]",60663.2
GDITWLPVRRK,0.95,1.92,5.13,"[27481.1, 55524.0, 148413.8]",231418.9
RNTAIPTK,1.08,2.68,4.24,"[11126.4, 27546.9, 43617.8]",82291.1
VRIQGPNYVPGK,0.89,2.1,5.01,"[76792.6, 181416.3, 431894.1]",690103.0
GWDVGIPK,1.17,2.17,4.66,"[14730.4, 27440.2, 58821.5]",100992.1
SRYNRAVPDSK,0.96,1.9,5.14,"[22383.3, 44610.2, 120503.7]",187497.2
ALELASAEQRK,1.0,2.08,4.92,"[57800.0, 120801.1, 285182.5]",463783.6
QASAAVSEK,1.18,2.49,4.34,"[30816.7, 65137.6, 113626.2]",209580.5
DVGFLPMDYK,2.64,4.07,1.29,"[24362.4, 37612.6, 11930.8]",73905.8
NAAGNFGPELARK,1.81,1.87,4.32,"[10666.2, 11026.5, 25510.0]",47202.7
SQGVIHPVDDGK,1.67,2.74,3.59,"[15508.4, 25424.0, 33241.3]",74173.70000000001
AIEEVHGK,1.04,2.11,4.85,"[122283.4, 248902.4, 571452.9]",942638.7
RADLVGEATK,1.02,2.57,4.4,"[47481.0, 119501.4, 204521.0]",371503.4
DVVTREYTINLHK,1.13,2.19,4.68,"[168550.3, 326349.4, 697492.1]",1192391.8
YVLITGAGK,0.78,1.87,5.35,"[4821.3, 11557.8, 33113.3]",49492.4
IFEVEGETHK,1.01,2.14,4.85,"[35468.0, 74937.6, 169580.6]",279986.2
QVSELQDLVK,1.13,2.78,4.09,"[3680.1, 9042.1, 13277.9]",26000.1
AVVISDERVMK,0.88,1.3,5.81,"[2320.7, 3427.6, 15271.5]",21019.8
GIGPTYSTK,1.24,2.15,4.61,"[29718.3, 51731.7, 110839.3]",192289.3
HVVFGEVTK,0.91,2.17,4.92,"[42195.8, 100014.9, 227006.2]",369216.9
LVNVINRLAK,0.98,1.89,5.12,"[30902.3, 59518.4, 160864.3]",251285.0
SLDDLPDGGIVGTSSVRRSAQLK,0.88,3.18,3.94,"[4508.8, 16265.1, 20136.0]",40909.9
AYTYFGEQSNLPK,1.13,2.09,4.78,"[12471.2, 23133.3, 52788.3]",88392.8
LLRNATATPIK,1.4,3.58,3.02,"[3405.2, 8724.9, 7351.1]",19481.199999999997
EFSEQVRSGEWK,0.57,2.48,4.96,"[3694.8, 16203.4, 32415.4]",52313.600000000006
EDEEVLAK,1.16,2.05,4.79,"[11875.5, 20855.8, 48831.0]",81562.3
APGFGDNRK,1.01,2.6,4.38,"[32553.2, 83823.0, 141122.4]",257498.59999999998
LLRLEEQDSPVLVLK,0.68,2.3,5.02,"[4892.9, 16562.3, 36159.1]",57614.299999999996
MVSQETVAHVK,1.04,2.33,4.64,"[16681.3, 37517.6, 74669.7]",128868.59999999999
HFISELEK,1.07,1.98,4.96,"[140728.0, 260896.2, 654401.6]",1056025.8
GQLVELYVPRK,0.93,3.11,3.96,"[7492.2, 25083.9, 31972.4]",64548.5
MAGESESNLRK,1.15,2.34,4.51,"[65791.4, 133742.4, 258303.8]",457837.6
AEAGVQGELAEIK,1.15,1.96,4.89,"[2655.8, 4532.1, 11313.7]",18501.600000000002
GPLATPIGK,1.06,1.86,5.09,"[51623.8, 90772.3, 248810.9]",391207.0
LNSLLTYIK,0.45,2.61,4.93,"[2208.9, 12725.6, 24042.1]",38976.6
ETTYDEIK,1.05,2.01,4.94,"[22706.1, 43378.6, 106577.3]",172662.0
VTSMTPAPK,0.99,2.01,5.0,"[83939.8, 171478.7, 425762.4]",681180.9
EAQVDIEAIK,0.97,1.72,5.3,"[6028.3, 10679.5, 32876.3]",49584.100000000006
EQLASQLVDLK,1.45,1.79,4.76,"[3007.7, 3705.0, 9880.3]",16593.0
LQQDDIGSRLK,1.31,2.46,4.23,"[15153.3, 28564.7, 49020.5]",92738.5
DGPLSTNVEAK,1.15,1.93,4.92,"[57050.5, 95370.5, 243353.3]",395774.3
GFRIADTVGK,1.13,2.1,4.78,"[113175.9, 210173.5, 479157.4]",802506.8
IRTNERVK,1.08,3.93,2.99,"[36458.0, 132275.0, 100783.5]",269516.5
WDESRFQEIVK,0.59,2.35,5.06,"[9746.5, 38486.1, 82902.6]",131135.2
LAFTGSTEVGK,1.02,2.23,4.76,"[46536.8, 102039.5, 218006.4]",366582.69999999995
AAETLVEK,1.34,2.58,4.09,"[28878.0, 55696.6, 88394.3]",172968.90000000002
IVENERELIQRLRPLLDLK,1.9,4.77,1.33,"[35579.2, 89520.4, 24942.4]",150042.0
RALVEHIIQAK,0.66,2.33,5.01,"[36005.3, 126961.0, 273492.6]",436458.89999999997
RSLEFNSQPDYREK,0.82,2.14,5.04,"[16899.4, 44272.3, 104389.4]",165561.1
DVQSVAEVLPK,0.87,2.22,4.9,"[3703.6, 9447.8, 20842.4]",33993.8
TASGLYLPEK,0.65,2.28,5.06,"[6549.7, 22917.9, 50771.5]",80239.1
NAEQHNLVK,1.55,2.56,3.89,"[45343.6, 74643.3, 113582.3]",233569.2
GSIDEQHPRYGGVYVGTLSK,0.81,2.25,4.94,"[4534.4, 12554.1, 27559.0]",44647.5
NGGCNHMVCSSCK,0.19,2.66,5.15,"[5256.2, 72594.5, 140758.7]",218609.40000000002
NHPAYLFK,0.8,2.0,5.19,"[2852.2, 7119.0, 18457.0]",28428.2
QIALIERGK,0.83,2.7,4.47,"[76529.8, 249276.3, 412554.3]",738360.3999999999
EITALAPSSMK,0.92,2.19,4.89,"[89959.3, 214758.2, 478625.5]",783343.0
VSSAEYYAK,1.06,1.93,5.01,"[56636.5, 103581.4, 268232.2]",428450.1
VANNSLEQLK,0.99,2.1,4.91,"[23011.9, 49003.4, 114256.7]",186272.0
TAPLQTLK,0.7,1.84,5.47,"[3249.7, 8584.1, 25520.5]",37354.3
GITEEVAK,0.69,2.11,5.21,"[15236.5, 46819.5, 115684.6]",177740.6
DEIRASVNEASK,1.12,2.31,4.56,"[76341.9, 157410.0, 310304.1]",544056.0
EIEATEERK,1.05,2.14,4.81,"[20992.1, 42709.7, 96104.5]",159806.3
RPYESSRLDAELK,0.72,2.46,4.82,"[4279.3, 14615.2, 28640.3]",47534.8
GIDGSALAK,1.24,2.07,4.7,"[1634.4, 2730.9, 6202.9]",10568.2
RPEYFITANDVK,1.19,2.13,4.68,"[62898.4, 112792.8, 247935.3]",423626.5
EYETAERNIIQAK,1.22,1.92,4.86,"[24054.7, 37654.9, 95548.3]",157257.90000000002
TELRSALK,1.34,1.86,4.8,"[16163.6, 22346.6, 57685.2]",96195.4
IYAAVGEGHLSGFVTK,0.69,2.24,5.07,"[12685.4, 41527.6, 93870.4]",148083.4
VWTFEERDVLK,0.72,1.9,5.38,"[5389.0, 14139.6, 40073.3]",59601.9
RMEDGDEEALK,0.95,1.75,5.3,"[22024.5, 40605.1, 122699.6]",185329.2
IYESSVNPK,1.05,2.04,4.91,"[68114.2, 131554.9, 317442.9]",517112.0
LSGNHTFDTTQSK,0.53,2.09,5.38,"[5581.8, 21828.2, 56219.6]",83629.6
ALGTHMDIDK,1.24,1.78,4.97,"[7646.6, 10959.5, 30561.9]",49168.0
SILNSKPLNPK,0.9,0.88,6.23,"[2070.7, 2032.1, 14389.8]",18492.6
QLGEWAGLGK,1.11,2.01,4.88,"[54495.0, 98308.2, 238789.5]",391592.7
AFEDHSWK,0.83,1.65,5.52,"[9379.1, 18748.9, 62604.7]",90732.7
EVEVLMETK,1.06,2.62,4.32,"[12528.7, 30941.4, 50918.4]",94388.5
FTRVSTELSSSMK,1.29,2.31,4.4,"[49803.9, 89187.0, 169462.7]",308453.6
IIVFPRDGK,1.11,2.12,4.77,"[130549.9, 248416.5, 560622.2]",939588.6
AQDLIMQGIMK,0.8,2.17,5.03,"[2453.1, 6686.1, 15463.0]",24602.2
VDHFLANEAK,0.9,2.31,4.79,"[53455.3, 137488.5, 285581.8]",476525.6
EGLHGTLGEPTK,1.19,2.19,4.62,"[62059.5, 114579.0, 241847.0]",418485.5
HYGDQTFSSSTVK,1.1,1.93,4.96,"[144490.5, 252683.7, 649352.6]",1046526.8
GFGFVNYEK,0.66,2.0,5.34,"[3223.2, 9836.0, 26260.7]",39319.9
DFIQEHVPGPK,0.95,1.8,5.26,"[19472.0, 36878.0, 107914.8]",164264.8
TAASPIERVK,1.1,2.2,4.7,"[40945.3, 82033.3, 174974.4]",297953.0
LRGNNIGSPLGAPK,0.95,1.97,5.08,"[190414.6, 393254.4, 1017248.7]",1600917.7
LGVEVFNPSK,0.63,2.22,5.15,"[6351.5, 22555.2, 52229.8]",81136.5
ALQSLTSK,1.02,2.27,4.71,"[112428.2, 249002.1, 517786.4]",879216.7
AIIVLSTSGTTPRLVSK,1.29,1.86,4.85,"[14322.0, 20674.3, 53997.7]",88994.0
IVDMSTSK,0.82,1.91,5.28,"[90783.6, 211544.1, 585452.8]",887780.5
SHINVVVIGHVDSGK,0.85,2.05,5.11,"[78127.9, 188962.3, 471166.0]",738256.2
GAHVWDPEGK,0.94,2.34,4.72,"[30398.9, 75957.3, 153120.7]",259476.90000000002
EATYDQIK,1.05,2.14,4.81,"[141409.8, 288979.7, 648836.4]",1079225.9
VRRFLLDK,3.32,2.12,2.56,"[11919.1, 7617.7, 9220.2]",28757.0
GVSNENTNISLK,1.59,2.68,3.73,"[9391.5, 15864.2, 22096.9]",47352.600000000006
IERVERHFNGLK,2.08,4.15,1.77,"[24820.8, 49552.6, 21160.1]",95533.5
LLQEVASK,1.01,2.0,4.99,"[42752.5, 85029.0, 211729.0]",339510.5
LQEEERERK,0.88,1.97,5.15,"[11694.3, 26083.5, 68164.1]",105941.90000000001
WEGRCQVLEK,0.72,2.04,5.25,"[6432.4, 18305.9, 47146.6]",71884.9
AYGDVQPLK,0.94,2.22,4.84,"[50161.5, 118709.5, 258556.2]",427427.2
ALDGQNLK,1.12,2.12,4.76,"[49106.7, 93464.2, 209710.5]",352281.4
QQALEAVSK,0.99,2.13,4.88,"[17820.4, 38364.3, 87789.5]",143974.2
QLTNLNRLRRK,0.52,2.46,5.03,"[3197.8, 15271.7, 31196.6]",49666.1
MLTGDAVGIAK,0.82,2.2,4.98,"[7400.4, 19817.5, 44943.6]",72161.5
RAIILERNAAYQK,0.59,1.83,5.57,"[6432.6, 19870.6, 60420.5]",86723.7
GTVITPEIRK,1.62,2.19,4.18,"[23558.0, 31802.9, 60618.5]",115979.4
TGNDPSHIAK,1.23,2.19,4.58,"[177851.0, 316908.5, 663687.5]",1158447.0
QLNNVSFK,0.98,2.34,4.68,"[14375.3, 34507.0, 68975.7]",117858.0
NNSHLDSIDAK,1.45,1.67,4.88,"[7669.6, 8797.7, 25798.9]",42266.200000000004
ALERDEDADSTTK,0.91,1.99,5.11,"[165664.2, 363346.0, 935176.9]",1464187.1
ELVETSEVRK,1.74,1.81,4.45,"[79639.0, 82518.5, 203305.5]",365463.0
SFGLIDNK,0.91,2.34,4.75,"[27451.9, 70720.0, 143218.0]",241389.9
IRYQALSDPK,1.01,2.2,4.79,"[150148.4, 327173.0, 711299.7]",1188621.1
STTEPIQLNNK,0.73,2.23,5.04,"[9076.5, 27829.0, 62811.5]",99717.0
SLNSTVTITHSK,0.9,2.27,4.84,"[18897.4, 47714.9, 101839.9]",168452.2
VYPVTGQTYSRK,1.12,1.79,5.09,"[29343.2, 46765.9, 132882.6]",208991.7
DHGDVSNQLYAK,0.67,2.19,5.15,"[11381.2, 37342.6, 87875.0]",136598.8
VLVIGGGDGGVLREVVK,4.49,2.03,1.48,"[6147.7, 2786.6, 2029.4]",10963.699999999999
QAPAFLGPK,1.0,2.08,4.92,"[39605.9, 82231.7, 194733.2]",316570.80000000005
VVILESIGK,1.17,2.11,4.72,"[7886.1, 14245.2, 31913.0]",54044.3
QELELDELVGK,0.15,0.07,7.79,"[6887.3, 3122.6, 368392.1]",378402.0
AEAAEFRYK,1.26,2.16,4.58,"[39377.4, 67220.2, 142885.2]",249482.80000000002
AEEARLEGK,1.11,2.26,4.64,"[125152.1, 255106.1, 524035.7]",904293.9
ALELDASNK,1.22,2.17,4.61,"[22402.8, 39995.3, 84763.7]",147161.8
QVPRLLGPQLSK,1.18,2.26,4.56,"[28843.7, 55112.7, 111047.2]",195003.59999999998
VFSGNRPTTSILAQK,0.81,1.8,5.39,"[39865.3, 88120.3, 264253.7]",392239.30000000005
SVSVGIEK,0.88,1.71,5.41,"[4768.2, 9255.8, 29299.2]",43323.2
IHLEGSEAPQEPK,0.87,2.16,4.97,"[104245.5, 257784.6, 593545.4]",955575.5
AAADALSDLEIK,0.99,1.74,5.26,"[2319.3, 4069.4, 12279.6]",18668.300000000003
TAIEGSYIDK,1.18,2.09,4.73,"[26674.2, 47095.5, 106920.6]",180690.3
SDSRRNSSLK,1.3,1.38,5.32,"[3672.6, 3914.4, 15069.0]",22656.0
DLETLTMHTK,0.59,2.46,4.94,"[17750.8, 73545.5, 147477.3]",238773.59999999998
LATLHYQK,1.04,2.11,4.85,"[31085.1, 63212.0, 145033.0]",239330.1
EAEVEDSEFK,0.7,2.42,4.88,"[1891.4, 6512.9, 13151.7]",21556.0
IRNATFPGVQMK,0.98,1.83,5.19,"[42105.5, 78478.7, 223240.9]",343825.1
EQAEASIDNLK,1.11,2.25,4.63,"[11156.6, 22561.9, 46421.5]",80140.0
EAVGDALK,1.05,1.97,4.99,"[88819.4, 167142.3, 423730.2]",679691.9
ANNPQHSITK,1.03,1.95,5.02,"[18853.6, 35569.1, 91781.7]",146204.4
TGAEVRFAGEK,0.96,2.35,4.69,"[68178.0, 167197.1, 333454.2]",568829.3
ILADAVRK,1.1,2.2,4.7,"[190496.9, 383499.0, 817398.0]",1391393.9
FIDLVESK,1.03,2.17,4.8,"[15673.6, 33102.3, 73235.1]",122011.0
SYGLHANPETK,1.17,2.86,3.97,"[28842.4, 70211.1, 97569.5]",196623.0
TFAEAMRIGSEVYHNLK,0.55,1.88,5.57,"[3233.3, 11066.9, 32731.2]",47031.4
QRNLRMQRQ,1.01,3.88,3.11,"[2867.8, 10988.9, 8807.1]",22663.800000000003
YFEVILVDPQHK,0.64,2.36,5.0,"[5028.4, 18473.8, 39112.8]",62615.0
TYCLQHVEK,1.08,2.0,4.92,"[26452.5, 48877.3, 120196.1]",195525.90000000002
LLAQEVTPLK,1.95,4.2,1.85,"[3459.0, 7459.8, 3287.3]",14206.099999999999
AFLASEEARHK,0.77,2.16,5.08,"[13428.7, 37802.5, 88960.2]",140191.4
QRQALGEQLYK,0.82,2.18,5.01,"[38878.8, 103857.0, 238787.6]",381523.4
EAAAVAEGK,0.99,2.16,4.86,"[76506.7, 167398.7, 377147.3]",621052.7
NLHPDIDNK,1.2,2.48,4.32,"[111907.1, 231816.1, 404243.6]",747966.8
VRDQITSLK,1.13,2.05,4.82,"[67644.9, 122117.7, 287187.8]",476950.39999999997
GVIFYENK,0.82,2.65,4.54,"[2679.9, 8667.5, 14852.3]",26199.699999999997
RQAVVNPENTLFATK,0.6,1.93,5.47,"[3178.7, 10195.9, 28875.8]",42250.399999999994
QFLRDWLTANK,1.59,4.0,2.41,"[39439.1, 99224.1, 59673.1]",198336.30000000002
HVAALRTVK,0.97,2.02,5.01,"[228221.3, 475972.5, 1179669.9]",1883863.7
QQNFVRQTTK,0.91,2.2,4.89,"[20753.3, 50348.0, 111577.8]",182679.1
DGRTIAAGK,0.73,2.47,4.79,"[75584.5, 255980.8, 495975.3]",827540.6
ASIASSFRK,0.94,2.08,4.98,"[183224.5, 407626.3, 976109.3]",1566960.1
IDRIPQPK,0.8,1.99,5.21,"[7113.9, 17586.3, 46024.3]",70724.5
EGVVLGVEK,0.75,3.95,3.29,"[2843.6, 14903.2, 12426.2]",30173.0
SLYTNTSRK,1.19,1.97,4.84,"[67826.3, 112938.3, 277009.3]",457773.9
IGLELSSQRPK,1.08,2.02,4.89,"[25037.5, 46715.3, 112907.0]",184659.8
DIAYRAFQNSESSK,0.85,2.3,4.84,"[28456.0, 76677.0, 161187.7]",266320.7
ISHVSTGGGASLELLEGK,0.97,2.11,4.92,"[21916.8, 47458.2, 110548.7]",179923.7
AYNRILTAAEK,0.87,2.0,5.13,"[85448.3, 196461.7, 502693.6]",784603.6
DLTHVEPPK,0.98,2.23,4.79,"[29993.6, 68317.3, 146918.1]",245229.0
SPFLDALK,0.88,2.04,5.08,"[29067.3, 67087.4, 166957.0]",263111.7
IYPGRGTLFVRGDSK,1.01,1.97,5.02,"[8951.0, 17392.4, 44270.9]",70614.3
LIKPTYISAK,0.5,1.01,6.49,"[9119.6, 18609.9, 119251.2]",146980.7
ALESILVK,2.89,1.21,3.9,"[27487.9, 11479.6, 37072.1]",76039.6
LVTLAQTDK,1.12,1.75,5.13,"[16123.6, 25159.1, 73920.8]",115203.5
YDGAFDCLRK,0.94,2.17,4.89,"[22144.0, 51181.6, 115405.2]",188730.8
TRSHNWAAK,0.67,2.41,4.91,"[5487.4, 19644.9, 39987.3]",65119.600000000006
EHFAEAMK,0.93,2.28,4.79,"[45530.4, 111380.1, 233540.5]",390451.0
TLAKPLQVLDK,1.09,0.93,5.98,"[3119.1, 2654.0, 17140.2]",22913.300000000003
EILDSPRSNK,1.24,1.87,4.89,"[46732.1, 70521.2, 183992.7]",301246.0
HLSYQRSK,1.09,2.13,4.78,"[66227.9, 129663.9, 290329.7]",486221.5
ATNASLEAYK,1.2,2.11,4.7,"[9513.6, 16693.5, 37233.6]",63440.7
QAIETANK,1.01,2.12,4.87,"[76366.0, 161445.5, 369985.1]",607796.6
HAFMGTLK,1.12,2.22,4.66,"[48401.8, 95918.9, 200919.5]",345240.2
NVQEFTTAAREK,0.85,2.49,4.66,"[4462.9, 13138.7, 24554.7]",42156.3
QGVLLPTRIK,0.67,3.83,3.51,"[48086.2, 275132.5, 252130.2]",575348.9
SSNITISNAVGRLSSEEIEK,5.49,0.73,1.78,"[24749.1, 3309.7, 8012.5]",36071.3
NITDPESNIVFK,3.37,2.51,2.13,"[13341.7, 9931.7, 8432.4]",31705.800000000003
LSSESVIEQIVK,1.11,1.96,4.93,"[7471.1, 13200.0, 33195.9]",53867.0
NAVSGVGK,1.99,4.25,1.76,"[47326.3, 100833.0, 41708.7]",189868.0
SSVGVIINK,1.03,2.09,4.88,"[52673.7, 106421.5, 248203.9]",407299.1
SAHLVFDDANIK,0.76,2.45,4.79,"[3193.2, 10339.8, 20210.5]",33743.5
ELETLEAK,1.4,2.11,4.49,"[30144.3, 45339.8, 96410.3]",171894.40000000002
VRSAEYYAK,1.01,2.19,4.79,"[90602.6, 195584.2, 428057.9]",714244.7000000001
RIEDLVEK,0.94,2.14,4.92,"[39070.8, 88903.9, 203963.1]",331937.8
LVTTGELYHNEK,1.11,2.21,4.68,"[55147.2, 109307.3, 231553.1]",396007.6
MARNRQACDCCCIRRVK,0.2,2.28,5.52,"[4656.0, 54227.2, 131163.2]",190046.40000000002
YEATAREWTK,1.14,2.32,4.55,"[125462.4, 255608.0, 501787.7]",882858.1000000001
GRIPNVPVIVK,1.32,1.51,5.17,"[40965.4, 46758.1, 159950.3]",247673.8
ANAHAIEEANK,1.14,2.35,4.51,"[44577.7, 92016.4, 176590.0]",313184.1
TGVVYNVTK,1.01,2.1,4.89,"[171174.8, 353782.3, 824368.9]",1349326.0
VLEIRDSGIGMTK,0.96,1.99,5.06,"[81964.5, 170207.0, 433281.7]",685453.2
MSLHAVQSK,1.11,2.43,4.46,"[64669.8, 141452.7, 259175.2]",465297.7
GGNPELIRQSQK,1.17,1.93,4.9,"[51959.3, 85572.1, 217405.0]",354936.4
FVDLDEAK,0.95,1.95,5.1,"[16635.3, 34245.4, 89509.8]",140390.5
QVLLRLNPYAK,0.53,2.29,5.18,"[2217.0, 9519.0, 21535.0]",33271.0
VELDAERIETAEK,0.99,1.82,5.19,"[83319.1, 153104.7, 435515.5]",671939.3
NFGIGQAVQPK,0.89,2.1,5.01,"[65815.8, 156284.4, 372577.2]",594677.4
HEFGSQPK,1.0,2.09,4.91,"[27977.3, 58628.8, 137768.1]",224374.2
AQRPITGASLDLIK,1.09,1.96,4.96,"[54279.9, 97577.3, 247279.1]",399136.30000000005
KPSSFRTPILNAK,3.1,1.34,3.55,"[4924.8, 2132.6, 5632.7]",12690.099999999999
EYIIDYISSWK,0.72,2.56,4.73,"[2807.1, 10003.5, 18504.5]",31315.1
ILRESNPPRPK,0.52,1.39,6.09,"[2782.6, 7424.6, 32641.5]",42848.7
GLVAYHQK,1.05,2.04,4.91,"[261917.9, 508084.0, 1221499.2]",1991501.1
ILTGTVVSTK,0.94,2.09,4.96,"[49023.9, 108802.4, 257775.3]",415601.6
DRPLYAEK,1.16,2.18,4.66,"[22347.0, 41913.8, 89868.3]",154129.1
SAPEAQQQK,1.77,4.46,1.76,"[17016.4, 42825.0, 16908.5]",76749.9
QNVETLDIVRK,0.9,1.98,5.12,"[16742.4, 37043.7, 95754.0]",149540.1
EILGDQVEK,1.13,2.04,4.83,"[63629.8, 114944.3, 271765.7]",450339.80000000005
ALRELQFK,0.95,4.47,2.58,"[5356.8, 25120.6, 14528.3]",45005.7
LIVEDPLLK,1.24,1.66,5.1,"[18885.4, 25191.7, 77430.2]",121507.3
VHFLRNSKPVGELTFDLRFFPTIEPK,4.14,3.03,0.84,"[58120.9, 42551.2, 11734.4]",112406.5
IVYALTTIK,1.13,2.06,4.82,"[14349.1, 26193.9, 61345.8]",101888.8
SATAVAHVK,1.02,2.14,4.84,"[320047.4, 672621.1, 1516808.8]",2509477.3
YDSTHGRYK,1.01,2.3,4.69,"[40264.0, 91405.6, 186795.2]",318464.80000000005
ILSQAPSELELQVAK,0.73,1.86,5.41,"[6219.6, 15772.2, 45887.7]",67879.5
IARGTIEIVSDVK,0.84,2.31,4.84,"[58373.1, 160435.3, 335772.4]",554580.8
TREYFFDLK,1.8,4.23,1.97,"[3675.3, 8624.6, 4021.7]",16321.600000000002
RLIGRNFNDPEVQADMK,0.47,2.29,5.24,"[4584.1, 22124.7, 50599.8]",77308.6
IVDIFENRLK,0.97,1.61,5.42,"[7995.2, 13262.6, 44607.8]",65865.6
ENPTLRPAEISK,0.85,2.19,4.96,"[33272.0, 86091.3, 194698.2]",314061.5
VVVTTSRFSK,0.91,2.0,5.09,"[84635.7, 185004.5, 471833.5]",741473.7
HVLTSIGEK,0.89,2.07,5.04,"[43344.2, 100189.5, 244393.2]",387926.9
SSAGAVVVANAK,0.94,2.24,4.82,"[73036.0, 174723.4, 376242.3]",624001.7
TSAVAALTEVRAEDEAALAK,1.84,2.12,4.05,"[7726.8, 8897.4, 17007.3]",33631.5
ADIADADVFEK,0.98,2.1,4.92,"[59787.1, 128362.5, 299912.6]",488062.19999999995
LQDTRITPSK,0.96,2.05,4.99,"[61145.2, 130111.9, 317155.2]",508412.3
AVQYLHEIK,0.83,2.19,4.99,"[177701.6, 470678.7, 1073562.4]",1721942.7
FIDNQRSTK,0.92,2.12,4.97,"[92461.8, 213328.1, 500472.0]",806261.9
HIELQTGPDGK,0.99,2.37,4.64,"[43752.5, 104736.7, 205527.1]",354016.30000000005
ACETIWTEWHNLK,0.42,2.8,4.78,"[4224.5, 28227.5, 48178.3]",80630.3
FLPFNWGVWDEFK,1.38,1.51,5.11,"[2009.3, 2190.5, 7411.3]",11611.1
EETIELARPVLQQDRK,2.98,1.76,3.26,"[74812.4, 44255.5, 81732.3]",200800.2
QATLLYLK,1.05,2.01,4.94,"[12781.1, 24492.3, 60237.4]",97510.8
IHQYLFQEGVVVAK,0.61,1.77,5.62,"[3347.7, 9683.4, 30769.6]",43800.7
THSYRGVDLEK,1.02,2.45,4.53,"[80966.8, 193628.9, 358924.4]",633520.1000000001
GSSFVSPATRK,0.82,2.24,4.95,"[26920.0, 73779.8, 163340.2]",264040.0
VIEFLSANK,1.05,2.07,4.89,"[104528.8, 205968.4, 487409.1]",797906.3
HWGGGILGNK,0.9,2.12,4.99,"[65489.2, 154579.3, 364453.4]",584521.9
ALTNTDNFIEMYHNQQRK,0.62,2.28,5.11,"[2539.5, 9352.1, 20972.5]",32864.1
HEISASLEELYK,0.96,2.03,5.01,"[12281.4, 26088.9, 64286.1]",102656.4
