protein,normalized_ratio_protein_level_Gly_plus0_Pro,normalized_ratio_protein_level_Gly_plus1_Pro,normalized_ratio_protein_level_Gly_plus2_Pro,total_intensity_every_channel_protein_level,total_intensity_all_channels_protein_level,Log2-normalized_ratio_protein_level_Gly_plus0_Pro,Log2-normalized_ratio_protein_level_Gly_plus1_Pro,Log2-normalized_ratio_protein_level_Gly_plus2_Pro
"P04911, P04912",1.24,1.89,4.87,"[13696.2, 20990.1, 53969.6]",88655.9,0.31 ,0.92 ,2.28 
P15019,1.02,2.2,4.78,"[121113.6, 262190.8, 568116.7]",951421.1,0.03 ,1.14 ,2.26 
P0C5R4,1.42,3.09,3.48,"[7037.4, 15278.8, 17215.7]",39531.9,0.51 ,1.63 ,1.80 
P23748,0.77,2.36,4.87,"[7032.1, 21476.5, 44344.9]",72853.5,-0.38 ,1.24 ,2.28 
"P23248, P33442",1,2.13,4.87,"[311646.2, 661291.9, 1511337.8]",2484275.9,0.00 ,1.09 ,2.28 
P00560,1.03,2.07,4.9,"[1541974.8, 3112179.5, 7371505.9]",12025660.2,0.04 ,1.05 ,2.29 
P36775,0.88,1.3,5.81,"[2320.7, 3427.6, 15271.5]",21019.8,-0.18 ,0.38 ,2.54 
"P0C0V8, Q3E754",1.17,2.24,4.59,"[109429.6, 209277.8, 427931.5]",746638.9,0.23 ,1.16 ,2.20 
P38088,1.17,1.97,4.86,"[24925.5, 42001.5, 103702.2]",170629.2,0.23 ,0.98 ,2.28 
"P0CX41, P0CX42",1.06,1.9,5.04,"[102281.6, 183603.1, 486424.1]",772308.8,0.08 ,0.93 ,2.33 
P14126,1.13,2.11,4.76,"[191190.3, 357455.2, 804000.4]",1352645.9,0.18 ,1.08 ,2.25 
"P02293, P02294",0.99,2.09,4.92,"[83221.8, 176134.0, 414150.4]",673506.2,-0.01 ,1.06 ,2.30 
P25491,1.11,2.06,4.83,"[42013.5, 78279.8, 183133.0]",303426.3,0.15 ,1.04 ,2.27 
"P00924, P00925",0.94,1.98,5.08,"[287421.7, 605496.1, 1554493.0]",2447410.8,-0.09 ,0.99 ,2.34 
"P0CX37, P0CX38",0.66,3.59,3.75,"[55458.1, 300215.7, 313275.3]",668949.1,-0.60 ,1.84 ,1.91 
"P05744, P41056",0.96,2.06,4.98,"[476692.7, 1024713.2, 2475320.9]",3976726.8,-0.06 ,1.04 ,2.32 
P39683,1.4,2.61,3.99,"[35280.1, 65861.1, 100581.1]",201722.3,0.49 ,1.38 ,2.00 
P04807,1.02,2,4.98,"[441525.6, 865605.6, 2160000.9]",3467132.1,0.03 ,1.00 ,2.32 
P07262,0.86,2.11,5.02,"[13274.8, 32527.7, 77242.5]",123045,-0.22 ,1.08 ,2.33 
O14467,0.95,1.97,5.08,"[190414.6, 393254.4, 1017248.7]",1600917.7,-0.07 ,0.98 ,2.34 
"P10591, P10592",1.01,2.07,4.92,"[170258.8, 348337.4, 828301.1]",1346897.3,0.01 ,1.05 ,2.30 
P25338,1.01,3.88,3.11,"[2867.8, 10988.9, 8807.1]",22663.8,0.01 ,1.96 ,1.64 
P32844,2.3,4.02,1.68,"[14607.5, 25503.2, 10663.1]",50773.8,1.20 ,2.01 ,0.75 
Q08645,0.72,2.04,5.25,"[6432.4, 18305.9, 47146.6]",71884.9,-0.47 ,1.03 ,2.39 
P43580,1.12,2.13,4.74,"[28174.5, 53407.2, 118893.2]",200474.9,0.16 ,1.09 ,2.24 
Q12159,1.14,2.23,4.63,"[61593.6, 120327.8, 249993.7]",431915.1,0.19 ,1.16 ,2.21 
P00445,0.99,2.07,4.94,"[67251.0, 140803.9, 335962.8]",544017.7,-0.01 ,1.05 ,2.30 
Q04947,1.11,1.8,5.09,"[7258.0, 11839.9, 33388.4]",52486.3,0.15 ,0.85 ,2.35 
P0CS90,1.06,2.1,4.84,"[228658.2, 456082.0, 1049015.4]",1733755.6,0.08 ,1.07 ,2.28 
P53935,1.22,2,4.79,"[9687.4, 15912.7, 38156.4]",63756.5,0.29 ,1.00 ,2.26 
Q08236,1.01,1.75,5.23,"[15393.5, 26607.6, 79356.3]",121357.4,0.01 ,0.81 ,2.39 
P25294,2.37,1.9,3.73,"[19308.7, 15499.5, 30355.8]",65164,1.24 ,0.93 ,1.90 
Q07527,2.05,5.31,0.63,"[18453.9, 47701.5, 5696.5]",71851.9,1.04 ,2.41 ,-0.67 
P49960,1.21,2.78,4.01,"[12428.5, 28682.7, 41373.6]",82484.8,0.28 ,1.48 ,2.00 
Q12267,0.45,2.61,4.93,"[2208.9, 12725.6, 24042.1]",38976.6,-1.15 ,1.38 ,2.30 
P49090,1.03,1.51,5.46,"[4155.5, 6102.1, 22084.6]",32342.2,0.04 ,0.59 ,2.45 
P40495,0.83,1.45,5.72,"[6759.7, 11854.8, 46772.3]",65386.8,-0.27 ,0.54 ,2.52 
P16521,1.01,2.17,4.82,"[300653.7, 642450.4, 1427474.2]",2370578.3,0.01 ,1.12 ,2.27 
P05318,1.12,2.12,4.76,"[49106.7, 93464.2, 209710.5]",352281.4,0.16 ,1.08 ,2.25 
P33338,0.79,4.16,3.05,"[1871.3, 9828.6, 7210.8]",18910.7,-0.34 ,2.06 ,1.61 
P38013,1.24,1.99,4.78,"[196187.1, 315650.4, 758910.4]",1270747.9,0.31 ,0.99 ,2.26 
P41832,0.61,2.12,5.27,"[14903.2, 52109.8, 129515.2]",196528.2,-0.71 ,1.08 ,2.40 
P25087,0.89,2.29,4.82,"[43207.4, 111522.7, 234112.0]",388842.1,-0.17 ,1.20 ,2.27 
"P0CX82, P0CX83",0.91,2.08,5.01,"[336369.0, 765283.4, 1846311.2]",2947963.6,-0.14 ,1.06 ,2.32 
P29952,1.1,2.17,4.73,"[107268.2, 211050.5, 459752.4]",778071.1,0.14 ,1.12 ,2.24 
"P05743, P53221",0.85,2.67,4.49,"[401254.3, 1266452.1, 2128145.1]",3795851.5,-0.23 ,1.42 ,2.17 
P07245,0.88,2.16,4.95,"[76316.3, 187156.8, 428284.9]",691758,-0.18 ,1.11 ,2.31 
Q12219,1.04,2.19,4.77,"[59672.7, 126121.0, 275085.3]",460879,0.06 ,1.13 ,2.25 
P41940,0.77,1.88,5.34,"[3538.7, 8641.5, 24514.7]",36694.9,-0.38 ,0.91 ,2.42 
P22203,0.99,1.92,5.09,"[38303.5, 74547.4, 197207.6]",310058.5,-0.01 ,0.94 ,2.35 
P31539,0.97,2.06,4.97,"[299227.6, 636751.5, 1536492.5]",2472471.6,-0.04 ,1.04 ,2.31 
"P02829, P15108",0.92,2.03,5.05,"[116260.7, 256352.8, 637547.6]",1010161.1,-0.12 ,1.02 ,2.34 
P07244,0.85,2.3,4.84,"[28456.0, 76677.0, 161187.7]",266320.7,-0.23 ,1.20 ,2.28 
Q12511,2.13,5.5,0.37,"[17568.4, 45312.3, 3025.2]",65905.9,1.09 ,2.46 ,-1.43 
P23301,0.72,2.19,5.09,"[6194.0, 18785.9, 43664.2]",68644.1,-0.47 ,1.13 ,2.35 
"P0CX35, P0CX36",1.02,2.02,4.96,"[285297.3, 566530.2, 1389402.4]",2241229.9,0.03 ,1.01 ,2.31 
P38624,1.02,2.06,4.92,"[41977.4, 84739.6, 202353.0]",329070,0.03 ,1.04 ,2.30 
P41338,0.97,2.14,4.89,"[17367.8, 38120.3, 87288.6]",142776.7,-0.04 ,1.10 ,2.29 
P38144,1.26,2.56,4.18,"[94192.0, 192206.0, 313547.5]",599945.5,0.33 ,1.36 ,2.06 
P06738,0.91,1.99,5.1,"[18697.8, 40791.7, 104544.3]",164033.8,-0.14 ,0.99 ,2.35 
P14540,0.93,2.1,4.97,"[269904.0, 607949.2, 1438840.9]",2316694.1,-0.10 ,1.07 ,2.31 
P25443,1.77,4.46,1.76,"[17016.4, 42825.0, 16908.5]",76749.9,0.82 ,2.16 ,0.82 
P27616,1.23,3.26,3.51,"[52376.1, 138757.9, 149594.3]",340728.3,0.30 ,1.70 ,1.81 
"P0CX84, P0CX85",0.93,2.41,4.65,"[326120.3, 845535.6, 1630200.2]",2801856.1,-0.10 ,1.27 ,2.22 
P47068,1.15,2.15,4.71,"[10713.3, 20055.9, 43970.4]",74739.6,0.20 ,1.10 ,2.24 
P38427,0.83,1.65,5.52,"[9379.1, 18748.9, 62604.7]",90732.7,-0.27 ,0.72 ,2.46 
P40476,0.5,2.02,5.48,"[5304.5, 21376.0, 58073.1]",84753.6,-1.00 ,1.01 ,2.45 
P32454,1.21,2.45,4.35,"[62408.7, 126327.1, 224569.5]",413305.3,0.28 ,1.29 ,2.12 
P00950,1.04,2.09,4.87,"[222445.9, 447548.6, 1040427.3]",1710421.8,0.06 ,1.06 ,2.28 
P37262,0.6,2.36,5.04,"[3132.8, 12236.9, 26131.3]",41501,-0.74 ,1.24 ,2.33 
P46367,0.98,2.02,5,"[36621.5, 75901.9, 187695.7]",300219.1,-0.03 ,1.01 ,2.32 
Q12276,1.95,2.83,3.22,"[40550.3, 58839.5, 66996.2]",166386,0.96 ,1.50 ,1.69 
P05453,1.62,3.35,3.04,"[21733.1, 44945.1, 40775.0]",107453.2,0.70 ,1.74 ,1.60 
P54115,0.94,2.21,4.85,"[261258.1, 615444.0, 1352585.1]",2229287.2,-0.09 ,1.14 ,2.28 
"Q02753, Q12672",0.97,2.09,4.94,"[561202.1, 1207939.9, 2855361.7]",4624503.7,-0.04 ,1.06 ,2.30 
"P05739, Q02326",0.72,2.49,4.79,"[6788.3, 23516.0, 45274.3]",75578.6,-0.47 ,1.32 ,2.26 
"O14455, P05745",1.01,2.08,4.91,"[64328.4, 132331.1, 312004.2]",508663.7,0.01 ,1.06 ,2.30 
P17883,4.63,2.79,0.58,"[26002.1, 15689.2, 3272.0]",44963.3,2.21 ,1.48 ,-0.79 
P60010,0.98,2.17,4.84,"[314999.6, 694033.1, 1549486.8]",2558519.5,-0.03 ,1.12 ,2.28 
P46995,0.73,2.62,4.66,"[1332.5, 4802.4, 8540.5]",14675.4,-0.45 ,1.39 ,2.22 
P34244,0.85,2.07,5.08,"[16995.4, 41521.5, 102063.8]",160580.7,-0.23 ,1.05 ,2.34 
P46655,0.85,2.17,4.99,"[126978.4, 324958.8, 748034.1]",1199971.3,-0.23 ,1.12 ,2.32 
P00549,1.03,2.19,4.77,"[249725.6, 529909.6, 1152572.0]",1932207.2,0.04 ,1.13 ,2.25 
P06169,1.02,2.02,4.96,"[1000097.5, 1974598.7, 4844070.9]",7818767.1,0.03 ,1.01 ,2.31 
"P10664, P49626",0.93,2.11,4.96,"[186800.7, 423742.1, 996184.5]",1606727.3,-0.10 ,1.08 ,2.31 
P49089,0.99,1.87,5.14,"[22339.9, 42360.4, 116262.2]",180962.5,-0.01 ,0.90 ,2.36 
P40578,0.75,2.21,5.04,"[3978.6, 11743.0, 26776.9]",42498.5,-0.42 ,1.14 ,2.33 
"P07280, P07281",1.01,2.09,4.9,"[179057.2, 372251.3, 872345.0]",1423653.5,0.01 ,1.06 ,2.29 
P02994,1.02,2.19,4.79,"[210175.1, 454363.2, 991492.2]",1656030.5,0.03 ,1.13 ,2.26 
P05750,1.14,2.21,4.66,"[45135.8, 87641.3, 185061.2]",317838.3,0.19 ,1.14 ,2.22 
Q08962,0.58,2.08,5.34,"[4537.6, 16355.9, 41874.5]",62768,-0.79 ,1.06 ,2.42 
P09232,1.22,1.78,5,"[13723.3, 20002.3, 56219.6]",89945.2,0.29 ,0.83 ,2.32 
Q05911,1.04,1.98,4.99,"[121008.3, 230815.2, 582646.0]",934469.5,0.06 ,0.99 ,2.32 
Q06497,1,2.14,4.86,"[48461.1, 103044.0, 234258.3]",385763.4,0.00 ,1.10 ,2.28 
P04456,0.61,1.92,5.48,"[2728.0, 8651.4, 24679.6]",36059,-0.71 ,0.94 ,2.45 
P00817,0.93,2.15,4.93,"[116311.8, 269327.2, 618759.2]",1004398.2,-0.10 ,1.10 ,2.30 
P18239,0.93,2.13,4.94,"[29682.2, 68108.7, 157932.9]",255723.8,-0.10 ,1.09 ,2.30 
Q02197,0.91,2.34,4.75,"[27451.9, 70720.0, 143218.0]",241389.9,-0.14 ,1.23 ,2.25 
P37291,1.11,2.17,4.72,"[323505.0, 629105.1, 1371681.2]",2324291.3,0.15 ,1.12 ,2.24 
Q00955,0.85,2.21,4.95,"[53353.1, 139295.3, 312183.5]",504831.9,-0.23 ,1.14 ,2.31 
P47075,1.05,1.99,4.96,"[92177.9, 175527.7, 437145.6]",704851.2,0.07 ,0.99 ,2.31 
P38230,0.96,3.42,3.62,"[4034.3, 14398.8, 15239.8]",33672.9,-0.06 ,1.77 ,1.86 
P48015,1,2.24,4.76,"[52139.3, 117048.6, 248546.9]",417734.8,0.00 ,1.16 ,2.25 
P40024,0.92,2.23,4.85,"[63238.0, 152710.3, 332620.0]",548568.3,-0.12 ,1.16 ,2.28 
P00358,1.03,2.13,4.84,"[1205809.4, 2484412.8, 5654501.6]",9344723.8,0.04 ,1.09 ,2.28 
P22803,1.11,2.31,4.58,"[358247.2, 745304.1, 1480083.5]",2583634.8,0.15 ,1.21 ,2.20 
P39986,1.37,2,4.62,"[45029.3, 65594.0, 151567.8]",262191.1,0.45 ,1.00 ,2.21 
"P06367, P39516",1.05,2.05,4.91,"[357189.4, 696877.8, 1671937.6]",2726004.8,0.07 ,1.04 ,2.30 
Q08179,1.48,2.16,4.36,"[8748.3, 12748.3, 25801.8]",47298.4,0.57 ,1.11 ,2.12 
P48589,1.17,2,4.83,"[69275.1, 118978.6, 287000.1]",475253.8,0.23 ,1.00 ,2.27 
P38219,1.21,1.93,4.86,"[16542.4, 26384.4, 66394.9]",109321.7,0.28 ,0.95 ,2.28 
P53169,0.58,1.82,5.6,"[4220.0, 13169.8, 40469.3]",57859.1,-0.79 ,0.86 ,2.49 
P08566,1.17,2.11,4.72,"[7886.1, 14245.2, 31913.0]",54044.3,0.23 ,1.08 ,2.24 
P00958,0.83,2.21,4.96,"[88845.1, 236623.4, 531002.5]",856471,-0.27 ,1.14 ,2.31 
P21264,1.16,2.18,4.66,"[22347.0, 41913.8, 89868.3]",154129.1,0.21 ,1.12 ,2.22 
P16861,1,2.1,4.89,"[27199.3, 56976.7, 132397.5]",216573.5,0.00 ,1.07 ,2.29 
P40210,2.81,4.85,0.35,"[12827.1, 22159.6, 1591.2]",36577.9,1.49 ,2.28 ,-1.51 
P09436,1.08,2.11,4.81,"[19571.9, 38184.1, 86955.0]",144711,0.11 ,1.08 ,2.27 
P05694,1.43,2.03,4.54,"[222082.2, 315831.7, 706619.4]",1244533.3,0.52 ,1.02 ,2.18 
"P0C2H6, P0C2H7",1.02,1.92,5.05,"[104041.3, 195044.6, 513317.1]",812403,0.03 ,0.94 ,2.34 
P07259,1.08,2.25,4.67,"[121292.9, 253789.8, 525422.8]",900505.5,0.11 ,1.17 ,2.22 
P36224,0.46,2.44,5.1,"[10498.2, 55152.7, 115220.7]",180871.6,-1.12 ,1.29 ,2.35 
P00360,1.06,2.04,4.9,"[461070.9, 892523.1, 2138841.7]",3492435.7,0.08 ,1.03 ,2.29 
P39976,0.78,1.73,5.48,"[2510.8, 5570.7, 17605.2]",25686.7,-0.36 ,0.79 ,2.45 
P39524,1.4,3.58,3.02,"[3405.2, 8724.9, 7351.1]",19481.2,0.49 ,1.84 ,1.59 
P28241,1.06,1.86,5.09,"[51623.8, 90772.3, 248810.9]",391207,0.08 ,0.90 ,2.35 
P26783,1.12,2.16,4.72,"[59792.5, 115995.7, 253087.5]",428875.7,0.16 ,1.11 ,2.24 
P40825,1.24,2.07,4.7,"[1634.4, 2730.9, 6202.9]",10568.2,0.31 ,1.05 ,2.23 
P43637,1.8,2.44,3.77,"[11839.1, 16061.3, 24852.4]",52752.8,0.85 ,1.29 ,1.91 
P02400,0.93,2.12,4.96,"[23140.0, 52667.7, 123403.4]",199211.1,-0.10 ,1.08 ,2.31 
P46680,1,2.09,4.91,"[27977.3, 58628.8, 137768.1]",224374.2,0.00 ,1.06 ,2.30 
P38338,1.62,4.49,1.89,"[102444.3, 284640.7, 119506.9]",506591.9,0.70 ,2.17 ,0.92 
P17076,0.98,2.14,4.88,"[99881.8, 218667.1, 499357.9]",817906.8,-0.03 ,1.10 ,2.29 
P36052,0.51,2.46,5.03,"[25476.6, 122510.9, 250618.5]",398606,-0.97 ,1.30 ,2.33 
P12945,1.09,1.75,5.17,"[68097.0, 109527.0, 324066.3]",501690.3,0.12 ,0.81 ,2.37 
P38042,1.75,3.62,2.63,"[32477.3, 67312.7, 48799.5]",148589.5,0.81 ,1.86 ,1.40 
P39722,0.59,1.88,5.53,"[4850.2, 15521.2, 45652.8]",66024.2,-0.76 ,0.91 ,2.47 
P32896,0.83,1.83,5.33,"[7398.3, 16330.1, 47484.6]",71213,-0.27 ,0.87 ,2.41 
P38250,0.89,2.08,5.03,"[22481.3, 52647.0, 126967.3]",202095.6,-0.17 ,1.06 ,2.33 
P12709,1.13,2.2,4.67,"[484285.7, 939650.6, 2000127.5]",3424063.8,0.18 ,1.14 ,2.22 
P00498,1.14,1.76,5.11,"[6812.8, 10525.1, 30637.6]",47975.5,0.19 ,0.82 ,2.35 
P26784,0.97,2.07,4.96,"[75770.1, 162805.5, 389192.9]",627768.5,-0.04 ,1.05 ,2.31 
P37012,1.08,1.97,4.95,"[126273.2, 230266.6, 577779.3]",934319.1,0.11 ,0.98 ,2.31 
P19735,1.53,1.89,4.58,"[5532.4, 6846.3, 16538.1]",28916.8,0.61 ,0.92 ,2.20 
P32527,1.04,2.05,4.91,"[132684.2, 261382.2, 626119.4]",1020185.8,0.06 ,1.04 ,2.30 
P19097,1.1,1.95,4.95,"[181472.4, 319935.5, 812656.9]",1314064.8,0.14 ,0.96 ,2.31 
P04806,0.96,2.16,4.89,"[243863.7, 550312.7, 1247487.9]",2041664.3,-0.06 ,1.11 ,2.29 
Q02892,0.43,2.95,4.63,"[27310.4, 188555.2, 295818.5]",511684.1,-1.22 ,1.56 ,2.21 
P41277,1.14,2.12,4.75,"[66169.0, 123246.1, 276490.6]",465905.7,0.19 ,1.08 ,2.25 
P04147,1.05,2.36,4.58,"[154009.1, 345509.1, 669291.9]",1168810.1,0.07 ,1.24 ,2.20 
P38766,1.08,3.93,2.99,"[36458.0, 132275.0, 100783.5]",269516.5,0.11 ,1.97 ,1.58 
P19882,1.03,2.15,4.82,"[179834.5, 374820.4, 840260.5]",1394915.4,0.04 ,1.10 ,2.27 
P38249,1.07,2.21,4.72,"[81467.7, 168481.3, 359354.9]",609303.9,0.10 ,1.14 ,2.24 
P22146,0.79,1.89,5.32,"[3037.7, 7292.7, 20497.4]",30827.8,-0.34 ,0.92 ,2.41 
Q03210,0.7,2.49,4.8,"[6747.6, 23891.1, 46000.9]",76639.6,-0.51 ,1.32 ,2.26 
P07149,1.13,1.09,5.78,"[2966.5, 2866.7, 15198.4]",21031.6,0.18 ,0.12 ,2.53 
"P05030, P19657",0.94,1.88,5.18,"[41979.9, 84214.8, 232232.9]",358427.6,-0.09 ,0.91 ,2.37 
P23639,1.02,1.75,5.22,"[5584.2, 9591.6, 28563.5]",43739.3,0.03 ,0.81 ,2.38 
P39726,0.65,2.2,5.14,"[5730.6, 19286.4, 44993.3]",70010.3,-0.62 ,1.14 ,2.36 
"P00358, P00359",1.24,2.28,4.48,"[281514.3, 518328.3, 1019761.7]",1819604.3,0.31 ,1.19 ,2.16 
P09880,0.5,1.01,6.49,"[9119.6, 18609.9, 119251.2]",146980.7,-1.00 ,0.01 ,2.70 
P22943,1.11,1.98,4.91,"[155981.8, 277413.6, 688234.6]",1121630,0.15 ,0.99 ,2.30 
P04821,1.87,3.98,2.15,"[51604.9, 109728.4, 59441.7]",220775,0.90 ,1.99 ,1.10 
P06105,1.05,2.32,4.62,"[44021.6, 97240.5, 193474.4]",334736.5,0.07 ,1.21 ,2.21 
Q08723,0.99,1.96,5.05,"[34094.2, 67449.9, 174150.1]",275694.2,-0.01 ,0.97 ,2.34 
P25038,0.8,1.99,5.21,"[7113.9, 17586.3, 46024.3]",70724.5,-0.32 ,0.99 ,2.38 
P53959,0.73,2.7,4.57,"[60933.6, 224714.2, 380094.1]",665741.9,-0.45 ,1.43 ,2.19 
P32324,0.97,2.13,4.89,"[839091.7, 1837324.4, 4213528.8]",6889944.9,-0.04 ,1.09 ,2.29 
P07285,1.36,2.29,4.36,"[10437.6, 17622.3, 33543.1]",61603,0.44 ,1.20 ,2.12 
P38990,1.88,3.75,2.37,"[57088.1, 113797.6, 72085.9]",242971.6,0.91 ,1.91 ,1.24 
Q01476,0.76,4.58,2.66,"[2544.4, 15298.9, 8885.0]",26728.3,-0.40 ,2.20 ,1.41 
P38968,0.85,1.77,5.38,"[12933.3, 26784.3, 81351.6]",121069.2,-0.23 ,0.82 ,2.43 
P16387,0.95,2.14,4.91,"[44549.4, 101088.9, 231453.0]",377091.3,-0.07 ,1.10 ,2.30 
P15705,1.12,2.25,4.63,"[147554.9, 295101.4, 608799.4]",1051455.7,0.16 ,1.17 ,2.21 
P48164,0.87,2.18,4.95,"[197140.7, 493114.8, 1122998.9]",1813254.4,-0.20 ,1.12 ,2.31 
Q12460,1.31,2.46,4.23,"[15153.3, 28564.7, 49020.5]",92738.5,0.39 ,1.30 ,2.08 
Q12291,1.24,2.11,4.65,"[62141.6, 105904.1, 233051.0]",401096.7,0.31 ,1.08 ,2.22 
P00812,1.02,2.57,4.4,"[47481.0, 119501.4, 204521.0]",371503.4,0.03 ,1.36 ,2.14 
P05756,1.11,1.96,4.93,"[7471.1, 13200.0, 33195.9]",53867,0.15 ,0.97 ,2.30 
"P48570, Q12122",0.99,2.18,4.83,"[3490.4, 7657.1, 16947.1]",28094.6,-0.01 ,1.12 ,2.27 
Q03002,1.04,2.59,4.37,"[48197.4, 119995.7, 202553.4]",370746.5,0.06 ,1.37 ,2.13 
"P32835, P32836",1.14,2.21,4.65,"[39432.3, 76626.9, 161058.6]",277117.8,0.19 ,1.14 ,2.22 
"P0CX31, P0CX32",0.96,1.68,5.36,"[31801.9, 56076.0, 178424.7]",266302.6,-0.06 ,0.75 ,2.42 
P53885,0.72,2.5,4.78,"[2004.7, 6906.0, 13232.1]",22142.8,-0.47 ,1.32 ,2.26 
P46675,0.89,2.33,4.78,"[35874.8, 94037.0, 193141.2]",323053,-0.17 ,1.22 ,2.26 
P38701,1.08,2,4.92,"[218144.2, 402736.0, 990650.9]",1611531.1,0.11 ,1.00 ,2.30 
P33333,0.89,2.14,4.97,"[19808.2, 47819.9, 110778.0]",178406.1,-0.17 ,1.10 ,2.31 
P13188,1.07,1.96,4.97,"[36255.3, 66365.1, 167932.6]",270553,0.10 ,0.97 ,2.31 
P39692,0.69,2.34,4.96,"[4924.2, 16658.8, 35278.5]",56861.5,-0.54 ,1.23 ,2.31 
"P0CX49, P0CX50",1.08,1.74,5.18,"[28734.9, 46148.0, 137303.2]",212186.1,0.11 ,0.80 ,2.37 
Q12363,0.88,2.36,4.76,"[31740.9, 85552.4, 172161.5]",289454.8,-0.18 ,1.24 ,2.25 
P51979,0.93,2.09,4.98,"[51144.6, 115454.3, 274407.4]",441006.3,-0.10 ,1.06 ,2.32 
P53038,1.02,2.48,4.5,"[44687.0, 108810.3, 197027.5]",350524.8,0.03 ,1.31 ,2.17 
"P22217, P22803",1.07,2.06,4.87,"[66415.9, 128177.6, 302268.0]",496861.5,0.10 ,1.04 ,2.28 
"P0C0W9, Q3E757",1.03,2.09,4.88,"[781802.7, 1583661.3, 3702247.5]",6067711.5,0.04 ,1.06 ,2.29 
"O13535, O74302, P0C2I2, P0C2I3, P0C2I4, P0C2I5, P0C2I6, P0C2I8, P0C2I9, P0C2J0, P0C2J1, P0CX57, P0CX58, P0CX59, P0CX60, P0CX65, P0CX66, P0CX67, P0CX68, P0CX69, P0CX70, P0CX71, P0CX72, P0CX73, P0CX74, P0CX75, P0CX76, P47098, P47099, P47100, Q03434, Q03612, Q03619, Q03855, Q03856, Q04670, Q04706, Q04711, Q07793, Q12085, Q12088, Q12112, Q12141, Q12193, Q12217, Q12269, Q12273, Q12316, Q12391, Q12414, Q12441, Q12470, Q12485, Q6Q5H1, Q92392, Q92393, Q99231, Q99337",0.97,1.99,5.04,"[40845.6, 84380.9, 213218.9]",338445.4,-0.04 ,0.99 ,2.33 
P53166,0.93,2.33,4.74,"[2812.5, 7006.8, 14251.2]",24070.5,-0.10 ,1.22 ,2.24 
"P11484, P40150",0.86,2.13,5.01,"[249596.2, 620292.1, 1455005.4]",2324893.7,-0.22 ,1.09 ,2.32 
P36007,0.59,2.02,5.39,"[3700.4, 12688.9, 33851.3]",50240.6,-0.76 ,1.01 ,2.43 
"P0C0T4, Q3E792",1,1.96,5.04,"[119373.0, 234088.4, 600501.4]",953962.8,0.00 ,0.97 ,2.33 
P15700,0.69,2.38,4.93,"[87902.8, 305227.0, 632040.4]",1025170.2,-0.54 ,1.25 ,2.30 
Q12230,0.97,2.11,4.92,"[259642.3, 564634.5, 1319018.3]",2143295.1,-0.04 ,1.08 ,2.30 
P53114,1.11,1.98,4.91,"[76649.1, 137201.7, 339638.5]",553489.3,0.15 ,0.99 ,2.30 
P32463,1.65,3.58,2.77,"[32772.8, 71261.2, 55204.9]",159238.9,0.72 ,1.84 ,1.47 
P14120,1.02,2.15,4.83,"[19814.6, 41729.3, 93946.2]",155490.1,0.03 ,1.10 ,2.27 
P40185,1.11,2.06,4.83,"[60766.4, 113450.0, 265512.1]",439728.5,0.15 ,1.04 ,2.27 
"P38009, P54113",0.98,1.97,5.05,"[89159.9, 178946.6, 459170.0]",727276.5,-0.03 ,0.98 ,2.34 
P39954,0.96,2.18,4.86,"[115665.8, 263475.1, 585879.9]",965020.8,-0.06 ,1.12 ,2.28 
P38934,0.75,1.65,5.6,"[8727.3, 19073.8, 64778.3]",92579.4,-0.42 ,0.72 ,2.49 
P16862,0.99,2.11,4.9,"[240409.5, 513640.0, 1194057.2]",1948106.7,-0.01 ,1.08 ,2.29 
P43579,1.54,1.95,4.51,"[27704.4, 34992.4, 81173.8]",143870.6,0.62 ,0.96 ,2.17 
P07278,1.13,2.13,4.75,"[30888.0, 58415.0, 130319.9]",219622.9,0.18 ,1.09 ,2.25 
P00330,0.94,2.11,4.96,"[1382269.5, 3106920.0, 7316801.8]",11805991.3,-0.09 ,1.08 ,2.31 
"P02407, P14127",1.01,2.01,4.98,"[961539.8, 1926602.7, 4762607.7]",7650750.2,0.01 ,1.01 ,2.32 
Q02888,2.87,3.82,1.31,"[39796.6, 52997.5, 18163.9]",110958,1.52 ,1.93 ,0.39 
P19414,0.9,2.14,4.95,"[26692.4, 63366.8, 146416.1]",236475.3,-0.15 ,1.10 ,2.31 
P22470,1.19,1.97,4.84,"[12369.7, 20456.2, 50263.9]",83089.8,0.25 ,0.98 ,2.28 
"P26784, P26785",0.92,2.02,5.06,"[55139.9, 120543.6, 301943.5]",477627,-0.12 ,1.01 ,2.34 
"P0CX14, P0CX15, P38722, P38899, P53819, Q03099, Q07888, Q3E7Y5, Q99208",3.65,3.39,0.95,"[87126.8, 80926.8, 22757.5]",190811.1,1.87 ,1.76 ,-0.07 
P17255,1.09,2.15,4.76,"[165337.1, 326451.7, 721810.8]",1213599.6,0.12 ,1.10 ,2.25 
P36169,0.93,2.12,4.95,"[28548.3, 65033.6, 151562.5]",245144.4,-0.10 ,1.08 ,2.31 
P25694,1.03,2.26,4.71,"[123131.2, 269105.7, 562247.6]",954484.5,0.04 ,1.18 ,2.24 
P38715,1.26,1.98,4.76,"[44946.1, 70978.9, 170262.4]",286187.4,0.33 ,0.99 ,2.25 
P34227,0.86,2.87,4.27,"[3808.0, 12684.4, 18845.3]",35337.7,-0.22 ,1.52 ,2.09 
P00925,0.55,1.88,5.57,"[3233.3, 11066.9, 32731.2]",47031.4,-0.86 ,0.91 ,2.48 
Q06698,2.64,4.07,1.29,"[24362.4, 37612.6, 11930.8]",73905.8,1.40 ,2.03 ,0.37 
P40395,1.06,2.02,4.92,"[107911.5, 205360.7, 499847.7]",813119.9,0.08 ,1.01 ,2.30 
Q06665,2.59,4.89,0.52,"[23245.9, 43886.8, 4683.7]",71816.4,1.37 ,2.29 ,-0.94 
P07170,0.93,2.26,4.81,"[16765.4, 40649.9, 86619.0]",144034.3,-0.10 ,1.18 ,2.27 
P49166,1.17,1.82,5.01,"[24215.9, 37869.4, 104145.9]",166231.2,0.23 ,0.86 ,2.32 
P25558,1.59,2.68,3.73,"[9391.5, 15864.2, 22096.9]",47352.6,0.67 ,1.42 ,1.90 
P41810,0.93,2.16,4.91,"[17779.4, 41318.7, 93957.8]",153055.9,-0.10 ,1.11 ,2.30 
P22217,0.89,2.35,4.76,"[12130.8, 31855.0, 64589.2]",108575,-0.17 ,1.23 ,2.25 
P32599,0.99,2.13,4.88,"[17820.4, 38364.3, 87789.5]",143974.2,-0.01 ,1.09 ,2.29 
P37302,0.95,2.4,4.66,"[217891.0, 551330.8, 1071689.0]",1840910.8,-0.07 ,1.26 ,2.22 
Q05506,1.06,1.99,4.95,"[48951.9, 91963.7, 228636.3]",369551.9,0.08 ,0.99 ,2.31 
"P05740, P46990",1.26,2.5,4.24,"[557990.2, 1109681.6, 1884143.0]",3551814.8,0.33 ,1.32 ,2.08 
P33894,2.19,5.35,0.46,"[7669.2, 18696.4, 1614.5]",27980.1,1.13 ,2.42 ,-1.12 
"P40106, P41277",0.98,1.81,5.21,"[21705.0, 39850.8, 114847.7]",176403.5,-0.03 ,0.86 ,2.38 
Q06696,0.44,2.18,5.38,"[3012.2, 14940.3, 36815.6]",54768.1,-1.18 ,1.12 ,2.43 
P34760,0.95,2.3,4.76,"[20751.7, 50268.1, 104114.0]",175133.8,-0.07 ,1.20 ,2.25 
P38264,0.97,2.22,4.81,"[205821.8, 471044.3, 1022995.4]",1699861.5,-0.04 ,1.15 ,2.27 
P15108,1.01,2.19,4.8,"[172327.5, 373587.5, 818297.9]",1364212.9,0.01 ,1.13 ,2.26 
Q07478,1.02,2.08,4.91,"[22841.1, 46692.5, 110200.3]",179733.9,0.03 ,1.06 ,2.30 
P40064,1.8,4.23,1.97,"[3675.3, 8624.6, 4021.7]",16321.6,0.85 ,2.08 ,0.98 
P53009,0.9,0.88,6.23,"[2070.7, 2032.1, 14389.8]",18492.6,-0.15 ,-0.18 ,2.64 
P35691,0.93,2,5.08,"[61447.3, 132583.2, 336999.7]",531030.2,-0.10 ,1.00 ,2.34 
Q06252,0.94,2.35,4.7,"[53569.3, 133501.8, 267006.9]",454078,-0.09 ,1.23 ,2.23 
Q03079,2.09,2.7,3.21,"[12801.3, 16506.9, 19607.6]",48915.8,1.06 ,1.43 ,1.68 
P54839,1.08,2.27,4.65,"[25165.8, 52974.1, 108719.1]",186859,0.11 ,1.18 ,2.22 
"P0C2H8, P0C2H9",1.05,2.13,4.83,"[308453.2, 626922.7, 1424212.0]",2359587.9,0.07 ,1.09 ,2.27 
P33330,1.17,1.86,4.96,"[30375.6, 48278.2, 128577.7]",207231.5,0.23 ,0.90 ,2.31 
"P05738, P51401",1.05,2.15,4.8,"[379756.8, 779320.6, 1737466.7]",2896544.1,0.07 ,1.10 ,2.26 
P38011,1.2,2.27,4.53,"[98954.2, 188009.6, 375081.1]",662044.9,0.26 ,1.18 ,2.18 
P14291,0.77,2.16,5.07,"[2303.6, 6494.8, 15202.8]",24001.2,-0.38 ,1.11 ,2.34 
P23638,0.67,2.16,5.16,"[2838.1, 9150.0, 21830.6]",33818.7,-0.58 ,1.11 ,2.37 
P32898,3.37,2.51,2.13,"[13341.7, 9931.7, 8432.4]",31705.8,1.75 ,1.33 ,1.09 
Q06604,1.04,1.85,5.11,"[39343.5, 70053.8, 192916.6]",302313.9,0.06 ,0.89 ,2.35 
P26785,1.07,2.19,4.73,"[146619.2, 298920.4, 645757.5]",1091297.1,0.10 ,1.13 ,2.24 
P25846,0.17,3.17,4.67,"[30159.4, 572130.2, 843707.6]",1445997.2,-2.56 ,1.66 ,2.22 
Q12125,1.41,2.21,4.38,"[3263.5, 5100.0, 10128.1]",18491.6,0.50 ,1.14 ,2.13 
P04076,2.02,5.78,0.2,"[27297.1, 78155.5, 2746.7]",108199.3,1.01 ,2.53 ,-2.32 
Q06177,0.91,2.72,4.37,"[2625.5, 7877.3, 12635.5]",23138.3,-0.14 ,1.44 ,2.13 
P40517,1.99,0.83,5.18,"[49205.3, 20513.1, 128406.8]",198125.2,0.99 ,-0.27 ,2.37 
P36048,1.06,2.62,4.32,"[12528.7, 30941.4, 50918.4]",94388.5,0.08 ,1.39 ,2.11 
P53090,1.06,2.05,4.88,"[10273.5, 19904.2, 47317.1]",77494.8,0.08 ,1.04 ,2.29 
P38788,0.89,2.03,5.09,"[95531.0, 218501.1, 548937.9]",862970,-0.17 ,1.02 ,2.35 
P40087,1.12,2,4.88,"[32653.0, 58195.3, 142044.2]",232892.5,0.16 ,1.00 ,2.29 
P06168,0.91,2.18,4.91,"[55808.3, 132967.7, 300016.9]",488792.9,-0.14 ,1.12 ,2.30 
P53912,1.05,1.24,5.71,"[3420.1, 4040.9, 18623.9]",26084.9,0.07 ,0.31 ,2.51 
P32910,1.51,2.21,4.28,"[11625.5, 17068.2, 32970.2]",61663.9,0.59 ,1.14 ,2.10 
P54885,1.06,2.28,4.66,"[58412.8, 125565.9, 256041.6]",440020.3,0.08 ,1.19 ,2.22 
P39083,1.61,4.57,1.82,"[2903.5, 8211.6, 3273.8]",14388.9,0.69 ,2.19 ,0.86 
"O13516, P05755",0.98,2.06,4.96,"[29117.8, 61533.2, 147982.4]",238633.4,-0.03 ,1.04 ,2.31 
P22515,1.1,2.02,4.88,"[27185.4, 49738.6, 120188.1]",197112.1,0.14 ,1.01 ,2.29 
"P04806, P04807",0.99,2.26,4.75,"[25297.1, 57460.2, 120723.9]",203481.2,-0.01 ,1.18 ,2.25 
P04802,1.73,1.77,4.5,"[38557.4, 39356.1, 99992.5]",177906,0.79 ,0.82 ,2.17 
P26449,0.54,2.5,4.95,"[7987.1, 36679.5, 72666.0]",117332.6,-0.89 ,1.32 ,2.31 
"P17076, P29453",0.94,2.18,4.88,"[182850.3, 423933.6, 950192.4]",1556976.3,-0.09 ,1.12 ,2.29 
P36144,1.06,2.46,4.48,"[7415.2, 17311.2, 31464.2]",56190.6,0.08 ,1.30 ,2.16 
P32558,1.23,1.82,4.94,"[15119.2, 22398.2, 60715.1]",98232.5,0.30 ,0.86 ,2.30 
"P00358, P00359, P00360",1.02,2,4.97,"[141421.6, 276368.2, 686065.8]",1103855.6,0.03 ,1.00 ,2.31 
P10963,2.76,0.52,4.73,"[9112.9, 1710.0, 15626.2]",26449.1,1.46 ,-0.94 ,2.24 
P49167,0.97,1.98,5.05,"[73283.4, 149650.9, 381689.0]",604623.3,-0.04 ,0.99 ,2.34 
P53197,0.75,2.19,5.06,"[1931.1, 5615.4, 12998.5]",20545,-0.42 ,1.13 ,2.34 
P22137,2.63,1.73,3.65,"[82722.9, 54351.6, 114940.3]",252014.8,1.40 ,0.79 ,1.87 
P17967,1.16,2.44,4.4,"[175014.0, 368330.1, 665563.7]",1208907.8,0.21 ,1.29 ,2.14 
Q05902,1.41,2.2,4.39,"[12358.6, 19201.0, 38333.4]",69893,0.50 ,1.14 ,2.13 
P10622,0.41,2.55,5.04,"[2452.3, 15266.9, 30100.7]",47819.9,-1.29 ,1.35 ,2.33 
P38972,1.1,2.22,4.67,"[76045.8, 153208.1, 321623.0]",550876.9,0.14 ,1.15 ,2.22 
P80210,1.31,2.13,4.55,"[59862.6, 97071.5, 207249.6]",364183.7,0.39 ,1.09 ,2.19 
Q05043,1.01,2.24,4.75,"[9743.8, 21716.1, 46036.0]",77495.9,0.01 ,1.16 ,2.25 
P31116,0.87,2.05,5.09,"[44433.7, 105129.6, 261165.1]",410728.4,-0.20 ,1.04 ,2.35 
P20606,1.21,1.51,5.28,"[6222.7, 7773.7, 27167.1]",41163.5,0.28 ,0.59 ,2.40 
Q12031,1.95,4.2,1.85,"[3459.0, 7459.8, 3287.3]",14206.1,0.96 ,2.07 ,0.89 
Q12118,0.81,1.48,5.71,"[4110.3, 7561.3, 29163.1]",40834.7,-0.30 ,0.57 ,2.51 
"P05737, Q12213",1.07,1.93,5,"[122438.5, 220882.8, 572451.9]",915773.2,0.10 ,0.95 ,2.32 
Q12179,0.7,1.46,5.84,"[3205.3, 6650.9, 26582.6]",36438.8,-0.51 ,0.55 ,2.55 
"P0CX43, P0CX44",0.95,2.09,4.96,"[109349.8, 240712.5, 570314.8]",920377.1,-0.07 ,1.06 ,2.31 
P23254,1.14,2.46,4.4,"[10772.8, 23142.0, 41382.5]",75297.3,0.19 ,1.30 ,2.14 
P14904,1,2.22,4.79,"[13710.0, 30521.6, 65971.2]",110202.8,0.00 ,1.15 ,2.26 
"P38079, Q12117",1.5,1.85,4.66,"[1807.2, 2232.5, 5622.9]",9662.6,0.58 ,0.89 ,2.22 
P20081,0.94,2.17,4.89,"[64900.5, 149143.4, 335860.1]",549904,-0.09 ,1.12 ,2.29 
P40037,0.92,2.06,5.03,"[32303.3, 72516.0, 177393.0]",282212.3,-0.12 ,1.04 ,2.33 
P39730,0.91,2.52,4.57,"[20611.9, 57227.4, 103726.5]",181565.8,-0.14 ,1.33 ,2.19 
Q04175,0.43,2.29,5.28,"[1606.5, 8463.6, 19547.7]",29617.8,-1.22 ,1.20 ,2.40 
P10080,0.71,1.98,5.31,"[3506.5, 9830.2, 26379.6]",39716.3,-0.49 ,0.99 ,2.41 
Q04516,0.78,2.22,5,"[4090.0, 11708.4, 26366.0]",42164.4,-0.36 ,1.15 ,2.32 
P20051,0.62,2.28,5.1,"[2129.4, 7827.3, 17491.6]",27448.3,-0.69 ,1.19 ,2.35 
P38231,0.8,2.36,4.84,"[2000.7, 5925.5, 12150.4]",20076.6,-0.32 ,1.24 ,2.28 
P00924,0.85,1.97,5.17,"[46353.8, 107014.9, 280930.5]",434299.2,-0.23 ,0.98 ,2.37 
"P10659, P19358",0.91,1.56,5.53,"[1690.9, 2906.0, 10298.9]",14895.8,-0.14 ,0.64 ,2.47 
Q05584,0.17,2.76,5.07,"[7587.2, 122320.9, 224239.0]",354147.1,-2.56 ,1.46 ,2.34 
P29311,0.85,1.78,5.37,"[13768.9, 28775.9, 87021.6]",129566.4,-0.23 ,0.83 ,2.42 
P32379,0.75,3.95,3.29,"[2843.6, 14903.2, 12426.2]",30173,-0.42 ,1.98 ,1.72 
P33418,2.57,2.31,3.12,"[2248.7, 2027.1, 2736.5]",7012.3,1.36 ,1.21 ,1.64 
P29547,0.95,1.78,5.26,"[15520.6, 29075.1, 85848.2]",130443.9,-0.07 ,0.83 ,2.40 
Q08245,0.96,2.25,4.79,"[148234.8, 345693.4, 737923.1]",1231851.3,-0.06 ,1.17 ,2.26 
Q00416,2.32,4.07,1.61,"[25707.5, 45122.9, 17888.1]",88718.5,1.21 ,2.03 ,0.69 
"P25608, P53912, P54007",0.9,2.12,4.98,"[87504.8, 205152.6, 482637.3]",775294.7,-0.15 ,1.08 ,2.32 
P12385,0.99,1.58,5.42,"[2137.1, 3410.3, 11672.7]",17220.1,-0.01 ,0.66 ,2.44 
"P04449, P24000",0.97,2,5.03,"[78467.4, 161789.2, 407234.6]",647491.2,-0.04 ,1.00 ,2.33 
P38791,0.81,1.88,5.31,"[26208.1, 60348.9, 170882.0]",257439,-0.30 ,0.91 ,2.41 
P61830,0.68,1.86,5.46,"[232486.2, 640761.0, 1875970.3]",2749217.5,-0.56 ,0.90 ,2.45 
"P0CX55, P0CX56",1.06,2.75,4.19,"[58369.4, 151915.9, 231361.7]",441647,0.08 ,1.46 ,2.07 
P36024,0.98,3.12,3.91,"[3279.3, 10457.5, 13111.8]",26848.6,-0.03 ,1.64 ,1.97 
P38061,0.87,2.28,4.85,"[132842.0, 348646.9, 743013.3]",1224502.2,-0.20 ,1.19 ,2.28 
Q06218,0.69,2.3,5.01,"[3828.8, 12802.8, 27941.5]",44573.1,-0.54 ,1.20 ,2.32 
Q04847,1.34,3.28,3.38,"[91994.4, 225547.3, 232405.2]",549946.9,0.42 ,1.71 ,1.76 
"P0CX45, P0CX46",1.08,2.05,4.86,"[922661.6, 1748708.4, 4143785.6]",6815155.6,0.11 ,1.04 ,2.28 
P53184,1.03,2.09,4.89,"[172526.3, 350189.5, 819838.7]",1342554.5,0.04 ,1.06 ,2.29 
Q08931,3.11,1.74,3.15,"[3180.7, 1780.3, 3220.2]",8181.2,1.64 ,0.80 ,1.66 
P47089,1.06,2.16,4.78,"[38527.4, 78070.3, 173161.4]",289759.1,0.08 ,1.11 ,2.26 
P32861,0.61,1.46,5.93,"[4334.8, 10326.5, 42011.1]",56672.4,-0.71 ,0.55 ,2.57 
P07251,0.37,2.32,5.31,"[3331.2, 20848.6, 47788.9]",71968.7,-1.43 ,1.21 ,2.41 
O14455,0.99,2.12,4.88,"[133934.0, 286136.8, 657740.2]",1077811,-0.01 ,1.08 ,2.29 
P32589,0.91,2.15,4.94,"[153626.3, 363658.8, 836147.8]",1353432.9,-0.14 ,1.10 ,2.30 
Q12458,0.82,2.21,4.97,"[11030.5, 29849.6, 66938.7]",107818.8,-0.29 ,1.14 ,2.31 
Q12331,0.42,1.45,6.13,"[19961.8, 69151.8, 292496.8]",381610.4,-1.25 ,0.54 ,2.62 
P29453,0.92,2.08,5,"[5066.3, 11393.8, 27464.1]",43924.2,-0.12 ,1.06 ,2.32 
"P09435, P10591, P10592, P22202",0.95,1.89,5.16,"[65242.0, 130186.5, 355018.8]",550447.3,-0.07 ,0.92 ,2.37 
P05317,0.87,2.13,5.01,"[154067.1, 378366.5, 891144.2]",1423577.8,-0.20 ,1.09 ,2.32 
P39015,1.05,1.8,5.15,"[102804.3, 176003.1, 504793.6]",783601,0.07 ,0.85 ,2.36 
P53843,0.92,3.99,3.08,"[2139.2, 9262.3, 7147.3]",18548.8,-0.12 ,2.00 ,1.62 
P34216,0.96,2.16,4.88,"[10284.3, 23042.6, 52164.7]",85491.6,-0.06 ,1.11 ,2.29 
Q12220,1.34,1.86,4.8,"[16163.6, 22346.6, 57685.2]",96195.4,0.42 ,0.90 ,2.26 
P28003,1.12,1.8,5.08,"[5862.8, 9412.5, 26510.4]",41785.7,0.16 ,0.85 ,2.34 
P21595,1.65,3.61,2.74,"[6567.1, 14390.3, 10917.4]",31874.8,0.72 ,1.85 ,1.45 
"P0CX39, P0CX40",1.02,2.11,4.87,"[150029.3, 312257.3, 719428.0]",1181714.6,0.03 ,1.08 ,2.28 
P52910,0.93,2.22,4.85,"[56062.9, 134620.9, 293693.3]",484377.1,-0.10 ,1.15 ,2.28 
"P39003, P39004",0.89,2.11,5,"[68147.5, 161156.1, 381216.0]",610519.6,-0.17 ,1.08 ,2.32 
P05319,1.06,2.61,4.33,"[40815.9, 100135.8, 166564.4]",307516.1,0.08 ,1.38 ,2.11 
P41807,2.89,1.21,3.9,"[27487.9, 11479.6, 37072.1]",76039.6,1.53 ,0.28 ,1.96 
"P05759, P0CG63, P0CH08, P0CH09",1,2.06,4.94,"[45311.6, 93175.6, 223095.2]",361582.4,0.00 ,1.04 ,2.30 
Q02486,0.84,2.07,5.09,"[36630.8, 90636.7, 222674.9]",349942.4,-0.25 ,1.05 ,2.35 
P53691,0.95,2.03,5.03,"[16762.1, 35853.7, 88924.8]",141540.6,-0.07 ,1.02 ,2.33 
P21375,1.15,3.06,3.79,"[131531.2, 350150.6, 433598.7]",915280.5,0.20 ,1.61 ,1.92 
P38431,0.44,2.15,5.41,"[3266.8, 15778.3, 39745.4]",58790.5,-1.18 ,1.10 ,2.44 
P02406,1.18,1.59,5.23,"[42863.2, 58044.6, 190448.3]",291356.1,0.24 ,0.67 ,2.39 
P36076,2.68,4.64,0.68,"[49193.2, 85244.6, 12461.6]",146899.4,1.42 ,2.21 ,-0.56 
P26798,0.75,2.38,4.87,"[11593.9, 36923.8, 75677.5]",124195.2,-0.42 ,1.25 ,2.28 
P17536,0.6,2.34,5.06,"[3420.4, 13452.2, 29029.3]",45901.9,-0.74 ,1.23 ,2.34 
P08524,1.07,2.23,4.7,"[105834.1, 219722.3, 464193.7]",789750.1,0.10 ,1.16 ,2.23 
P41805,0.96,1.9,5.14,"[22383.3, 44610.2, 120503.7]",187497.2,-0.06 ,0.93 ,2.36 
P49723,0.97,2.22,4.81,"[41745.6, 95316.5, 207119.0]",344181.1,-0.04 ,1.15 ,2.27 
P38779,0.71,2.13,5.16,"[16761.0, 50240.7, 121531.4]",188533.1,-0.49 ,1.09 ,2.37 
P09624,0.87,2.11,5.02,"[12471.0, 30071.2, 71520.1]",114062.3,-0.20 ,1.08 ,2.33 
Q01532,1.13,2.37,4.5,"[23593.5, 49697.5, 94245.2]",167536.2,0.18 ,1.24 ,2.17 
"P0CX33, P0CX34",0.4,7.54,0.06,"[14587.0, 276478.7, 2301.7]",293367.4,-1.32 ,2.91 ,-4.06 
P22035,0.99,1.8,5.21,"[22589.2, 40981.1, 118535.4]",182105.7,-0.01 ,0.85 ,2.38 
Q12128,2.03,2.02,3.95,"[13794.7, 13692.4, 26874.6]",54361.7,1.02 ,1.01 ,1.98 
"P0CX53, P0CX54",1.06,2.12,4.81,"[41273.5, 82288.6, 186569.1]",310131.2,0.08 ,1.08 ,2.27 
P53874,1.67,5.17,1.16,"[3152.5, 9730.6, 2177.2]",15060.3,0.74 ,2.37 ,0.21 
P17505,1.4,1.48,5.12,"[5566.7, 5858.7, 20337.1]",31762.5,0.49 ,0.57 ,2.36 
P05759,1.1,1.93,4.97,"[9979.0, 17462.1, 45085.1]",72526.2,0.14 ,0.95 ,2.31 
P16474,0.98,2.24,4.78,"[80113.5, 183279.2, 391245.2]",654637.9,-0.03 ,1.16 ,2.26 
P41058,1.24,2.22,4.54,"[106365.9, 190954.5, 389503.3]",686823.7,0.31 ,1.15 ,2.18 
"P11076, P19146",1.04,2.45,4.52,"[4924.5, 11603.7, 21432.7]",37960.9,0.06 ,1.29 ,2.18 
P47046,1.27,3.15,3.58,"[20697.6, 51187.7, 58256.1]",130141.4,0.34 ,1.66 ,1.84 
"P0CX29, P0CX30",0.99,1.94,5.07,"[86468.0, 169481.9, 443101.5]",699051.4,-0.01 ,0.96 ,2.34 
P09938,0.99,1.74,5.26,"[2319.3, 4069.4, 12279.6]",18668.3,-0.01 ,0.80 ,2.40 
Q6Q547,0.84,2.24,4.92,"[17604.8, 46961.7, 102885.7]",167452.2,-0.25 ,1.16 ,2.30 
P39079,1.83,3.15,3.02,"[18973.8, 32642.7, 31274.2]",82890.7,0.87 ,1.66 ,1.59 
Q01560,1.04,2.11,4.85,"[122283.4, 248902.4, 571452.9]",942638.7,0.06 ,1.08 ,2.28 
P39969,1.3,1.38,5.32,"[3672.6, 3914.4, 15069.0]",22656,0.38 ,0.46 ,2.41 
P32473,0.97,2.08,4.95,"[24540.5, 52693.3, 125178.7]",202412.5,-0.04 ,1.06 ,2.31 
P05747,0.91,2.11,4.98,"[14227.6, 33135.8, 78033.7]",125397.1,-0.14 ,1.08 ,2.32 
P47143,1.02,1.16,5.82,"[4770.6, 5463.1, 27307.8]",37541.5,0.03 ,0.21 ,2.54 
P13856,0.46,2.67,4.87,"[1902.7, 10943.8, 19982.2]",32828.7,-1.12 ,1.42 ,2.28 
P33442,0.96,2.56,4.48,"[33641.6, 89690.9, 156787.4]",280119.9,-0.06 ,1.36 ,2.16 
Q3E760,0.69,2.24,5.07,"[12685.4, 41527.6, 93870.4]",148083.4,-0.54 ,1.16 ,2.34 
Q12497,0.5,2.23,5.27,"[3465.9, 15459.8, 36488.8]",55414.5,-1.00 ,1.16 ,2.40 
P15180,0.77,2.01,5.22,"[4597.7, 12092.0, 31341.6]",48031.3,-0.38 ,1.01 ,2.38 
"P00330, P00331",0.92,2.14,4.93,"[26235.3, 60932.6, 140114.1]",227282,-0.12 ,1.10 ,2.30 
Q02753,0.79,2,5.21,"[16516.6, 42085.3, 109401.7]",168003.6,-0.34 ,1.00 ,2.38 
Q08971,3.79,0.9,3.31,"[8567.2, 2024.8, 7474.7]",18066.7,1.92 ,-0.15 ,1.73 
P40202,0.74,2.2,5.05,"[21705.1, 64183.8, 147386.0]",233274.9,-0.43 ,1.14 ,2.34 
P50077,0.67,0.84,6.48,"[1418.9, 1771.0, 13635.2]",16825.1,-0.58 ,-0.25 ,2.70 
P32471,0.9,2.09,5.01,"[30219.2, 70334.5, 168677.7]",269231.4,-0.15 ,1.06 ,2.32 
P25293,1.8,4.48,1.72,"[56926.8, 141407.4, 54183.4]",252517.6,0.85 ,2.16 ,0.78 
"P32589, P32590",1.02,1.92,5.06,"[453640.3, 851210.9, 2247869.0]",3552720.2,0.03 ,0.94 ,2.34 
Q02642,0.77,1.83,5.4,"[14926.8, 35206.9, 104115.8]",154249.5,-0.38 ,0.87 ,2.43 
"O13535, O74302, P0C2I2, P0C2I3, P0C2I4, P0C2I5, P0C2I6, P0C2I8, P0C2I9, P0C2J0, P0C2J1, P0CX57, P0CX58, P0CX59, P0CX60, P0CX65, P0CX66, P0CX67, P0CX68, P0CX69, P0CX70, P0CX71, P0CX72, P0CX73, P0CX74, P0CX75, P0CX76, P47098, P47099, P47100, Q03434, Q03612, Q03619, Q03855, Q03856, Q04670, Q04706, Q04711, Q07793, Q12085, Q12088, Q12141, Q12193, Q12217, Q12269, Q12273, Q12316, Q12414, Q12441, Q12470, Q12485, Q6Q5H1, Q92392, Q92393, Q99231, Q99337",0.83,2.06,5.11,"[58405.5, 145107.0, 359819.1]",563331.6,-0.27 ,1.04 ,2.35 
"P0CH08, P0CH09",0.92,1.64,5.44,"[13231.8, 23453.3, 77993.5]",114678.6,-0.12 ,0.71 ,2.44 
P32799,0.56,1.73,5.71,"[6148.1, 19138.5, 63026.5]",88313.1,-0.84 ,0.79 ,2.51 
P50944,2.27,5.19,0.54,"[43226.4, 98867.5, 10208.6]",152302.5,1.18 ,2.38 ,-0.89 
P35719,0.99,2.01,5,"[59741.8, 121556.2, 302365.6]",483663.6,-0.01 ,1.01 ,2.32 
P07246,0.84,2.15,5.02,"[57356.5, 147443.1, 344240.5]",549040.1,-0.25 ,1.10 ,2.33 
P07267,0.95,1.92,5.13,"[27481.1, 55524.0, 148413.8]",231418.9,-0.07 ,0.94 ,2.36 
P23180,0.99,2.22,4.79,"[82067.2, 183087.1, 394893.3]",660047.6,-0.01 ,1.15 ,2.26 
P38130,1.67,2.74,3.59,"[15508.4, 25424.0, 33241.3]",74173.7,0.74 ,1.45 ,1.84 
P17709,1.13,2.1,4.78,"[113175.9, 210173.5, 479157.4]",802506.8,0.18 ,1.07 ,2.26 
Q04491,1.01,2.14,4.85,"[35468.0, 74937.6, 169580.6]",279986.2,0.01 ,1.10 ,2.28 
P25719,0.91,2.17,4.92,"[42195.8, 100014.9, 227006.2]",369216.9,-0.14 ,1.12 ,2.30 
P28789,0.88,3.18,3.94,"[4508.8, 16265.1, 20136.0]",40909.9,-0.18 ,1.67 ,1.98 
Q12396,1.9,4.77,1.33,"[35579.2, 89520.4, 24942.4]",150042,0.93 ,2.25 ,0.41 
P53107,0.68,2.3,5.02,"[4892.9, 16562.3, 36159.1]",57614.3,-0.56 ,1.20 ,2.33 
P17695,1.04,2.33,4.64,"[16681.3, 37517.6, 74669.7]",128868.6,0.06 ,1.22 ,2.21 
P07284,1.17,1.93,4.9,"[51959.3, 85572.1, 217405.0]",354936.4,0.23 ,0.95 ,2.29 
P48836,1.15,1.96,4.89,"[2655.8, 4532.1, 11313.7]",18501.6,0.20 ,0.97 ,2.29 
P05745,0.99,2.01,5,"[83939.8, 171478.7, 425762.4]",681180.9,-0.01 ,1.01 ,2.32 
P04840,1.15,1.93,4.92,"[57050.5, 95370.5, 243353.3]",395774.3,0.20 ,0.95 ,2.30 
Q12236,0.62,2.28,5.11,"[2539.5, 9352.1, 20972.5]",32864.1,-0.69 ,1.19 ,2.35 
Q08965,2.08,4.15,1.77,"[24820.8, 49552.6, 21160.1]",95533.5,1.06 ,2.05 ,0.82 
P10591,0.47,2.29,5.24,"[4584.1, 22124.7, 50599.8]",77308.6,-1.09 ,1.20 ,2.39 
Q12377,1.04,2.11,4.85,"[31085.1, 63212.0, 145033.0]",239330.1,0.06 ,1.08 ,2.28 
P15624,1.11,2.43,4.46,"[64669.8, 141452.7, 259175.2]",465297.7,0.15 ,1.28 ,2.16 
P00931,0.87,2.22,4.9,"[3703.6, 9447.8, 20842.4]",33993.8,-0.20 ,1.15 ,2.29 
P38910,0.65,2.28,5.06,"[6549.7, 22917.9, 50771.5]",80239.1,-0.62 ,1.19 ,2.34 
"P06169, P26263",0.81,2.25,4.94,"[4534.4, 12554.1, 27559.0]",44647.5,-0.30 ,1.17 ,2.30 
P36113,0.19,2.66,5.15,"[5256.2, 72594.5, 140758.7]",218609.4,-2.40 ,1.41 ,2.36 
Q12445,0.8,2,5.19,"[2852.2, 7119.0, 18457.0]",28428.2,-0.32 ,1.00 ,2.38 
P38616,0.94,2.24,4.82,"[73036.0, 174723.4, 376242.3]",624001.7,-0.09 ,1.16 ,2.27 
Q12402,1.12,2.31,4.56,"[76341.9, 157410.0, 310304.1]",544056,0.16 ,1.21 ,2.19 
P43621,1.05,2.14,4.81,"[20992.1, 42709.7, 96104.5]",159806.3,0.07 ,1.10 ,2.27 
P16120,1.05,2.04,4.91,"[68114.2, 131554.9, 317442.9]",517112,0.07 ,1.03 ,2.30 
P54114,1.24,1.78,4.97,"[7646.6, 10959.5, 30561.9]",49168,0.31 ,0.83 ,2.31 
P40212,1.11,2.12,4.77,"[130549.9, 248416.5, 560622.2]",939588.6,0.15 ,1.08 ,2.25 
P38720,0.9,2.31,4.79,"[53455.3, 137488.5, 285581.8]",476525.6,-0.15 ,1.21 ,2.26 
P05030,1.1,1.93,4.96,"[144490.5, 252683.7, 649352.6]",1046526.8,0.14 ,0.95 ,2.31 
P36060,0.95,1.8,5.26,"[19472.0, 36878.0, 107914.8]",164264.8,-0.07 ,0.85 ,2.40 
"P18238, P18239",1.1,2.2,4.7,"[40945.3, 82033.3, 174974.4]",297953,0.14 ,1.14 ,2.23 
P39714,0.63,2.22,5.15,"[6351.5, 22555.2, 52229.8]",81136.5,-0.67 ,1.15 ,2.36 
"P46784, Q08745",1,2.24,4.75,"[115775.9, 258685.5, 548556.0]",923017.4,0.00 ,1.16 ,2.25 
"P19211, P23301",0.82,1.91,5.28,"[90783.6, 211544.1, 585452.8]",887780.5,-0.29 ,0.93 ,2.40 
P46951,0.95,4.47,2.58,"[5356.8, 25120.6, 14528.3]",45005.7,-0.07 ,2.16 ,1.37 
P07991,0.94,2.34,4.72,"[30398.9, 75957.3, 153120.7]",259476.9,-0.09 ,1.23 ,2.24 
P40504,3.32,2.12,2.56,"[11919.1, 7617.7, 9220.2]",28757,1.73 ,1.08 ,1.36 
P53146,0.52,2.46,5.03,"[3197.8, 15271.7, 31196.6]",49666.1,-0.94 ,1.30 ,2.33 
Q06409,0.98,2.34,4.68,"[14375.3, 34507.0, 68975.7]",117858,-0.03 ,1.23 ,2.23 
P15625,1.45,1.67,4.88,"[7669.6, 8797.7, 25798.9]",42266.2,0.54 ,0.74 ,2.29 
P16140,0.67,2.19,5.15,"[11381.2, 37342.6, 87875.0]",136598.8,-0.58 ,1.13 ,2.36 
Q12074,4.49,2.03,1.48,"[6147.7, 2786.6, 2029.4]",10963.7,2.17 ,1.02 ,0.57 
P36008,1,2.08,4.92,"[39605.9, 82231.7, 194733.2]",316570.8,0.00 ,1.06 ,2.30 
P40561,0.15,0.07,7.79,"[6887.3, 3122.6, 368392.1]",378402,-2.74 ,-3.84 ,2.96 
P21243,1.26,2.16,4.58,"[39377.4, 67220.2, 142885.2]",249482.8,0.33 ,1.11 ,2.20 
"P0CX47, P0CX48",1.02,2.09,4.89,"[75698.1, 155897.9, 364695.9]",596291.9,0.03 ,1.06 ,2.29 
P41811,0.7,2.42,4.88,"[1891.4, 6512.9, 13151.7]",21556,-0.51 ,1.28 ,2.29 
"P06169, P16467",0.98,1.83,5.19,"[42105.5, 78478.7, 223240.9]",343825.1,-0.03 ,0.87 ,2.38 
Q12223,1.05,1.97,4.99,"[88819.4, 167142.3, 423730.2]",679691.9,0.07 ,0.98 ,2.32 
Q03558,1.03,1.95,5.02,"[18853.6, 35569.1, 91781.7]",146204.4,0.04 ,0.96 ,2.33 
Q06143,1.1,2.2,4.7,"[190496.9, 383499.0, 817398.0]",1391393.9,0.14 ,1.14 ,2.23 
P32775,1.17,2.86,3.97,"[28842.4, 70211.1, 97569.5]",196623,0.23 ,1.52 ,1.99 
"P05748, P54780",0.64,2.36,5,"[5028.4, 18473.8, 39112.8]",62615,-0.64 ,1.24 ,2.32 
P07283,1.08,2,4.92,"[26452.5, 48877.3, 120196.1]",195525.9,0.11 ,1.00 ,2.30 
P32769,0.73,2.47,4.79,"[75584.5, 255980.8, 495975.3]",827540.6,-0.45 ,1.30 ,2.26 
P43551,0.2,2.28,5.52,"[4656.0, 54227.2, 131163.2]",190046.4,-2.32 ,1.19 ,2.46 
P33201,1.12,1.75,5.13,"[16123.6, 25159.1, 73920.8]",115203.5,0.16 ,0.81 ,2.36 
P51402,0.67,2.41,4.91,"[5487.4, 19644.9, 39987.3]",65119.6,-0.58 ,1.27 ,2.30 
Q02207,1.09,0.93,5.98,"[3119.1, 2654.0, 17140.2]",22913.3,0.12 ,-0.10 ,2.58 
P40026,1.24,1.87,4.89,"[46732.1, 70521.2, 183992.7]",301246,0.31 ,0.90 ,2.29 
P31412,0.85,2.49,4.66,"[4462.9, 13138.7, 24554.7]",42156.3,-0.23 ,1.32 ,2.22 
P15731,1.14,2.32,4.55,"[125462.4, 255608.0, 501787.7]",882858.1,0.19 ,1.21 ,2.19 
Q04749,3.1,1.34,3.55,"[4924.8, 2132.6, 5632.7]",12690.1,1.63 ,0.42 ,1.83 
P32944,0.72,2.56,4.73,"[2807.1, 10003.5, 18504.5]",31315.1,-0.47 ,1.36 ,2.24 
P08536,0.52,1.39,6.09,"[2782.6, 7424.6, 32641.5]",42848.7,-0.94 ,0.48 ,2.61 
"P0CX51, P0CX52",1.03,2.1,4.87,"[581965.3, 1180705.1, 2738308.0]",4500978.4,0.04 ,1.07 ,2.28 
P02829,1.13,2.04,4.83,"[63629.8, 114944.3, 271765.7]",450339.8,0.18 ,1.03 ,2.27 
P48231,4.14,3.03,0.84,"[58120.9, 42551.2, 11734.4]",112406.5,2.05 ,1.60 ,-0.25 
P06787,0.89,2.07,5.04,"[43344.2, 100189.5, 244393.2]",387926.9,-0.17 ,1.05 ,2.33 
P40303,0.96,2.05,4.99,"[61145.2, 130111.9, 317155.2]",508412.3,-0.06 ,1.04 ,2.32 
Q03373,0.42,2.8,4.78,"[4224.5, 28227.5, 48178.3]",80630.3,-1.25 ,1.49 ,2.26 
Q04195,1.05,2.01,4.94,"[12781.1, 24492.3, 60237.4]",97510.8,0.07 ,1.01 ,2.30 
Q01855,1.02,2.45,4.53,"[80966.8, 193628.9, 358924.4]",633520.1,0.03 ,1.29 ,2.18 
